--
-- PostgreSQL database dump
--

-- Dumped from database version 10.2
-- Dumped by pg_dump version 10.2

-- Started on 2018-04-26 19:40:12

SET statement_timeout = 0;
SET lock_timeout = 0;
SET idle_in_transaction_session_timeout = 0;
SET client_encoding = 'UTF8';
SET standard_conforming_strings = on;
SET check_function_bodies = false;
SET client_min_messages = warning;
SET row_security = off;

--
-- TOC entry 5 (class 2615 OID 25942)
-- Name: inserts; Type: SCHEMA; Schema: -; Owner: postgres
--

CREATE SCHEMA inserts;


ALTER SCHEMA inserts OWNER TO postgres;

--
-- TOC entry 1 (class 3079 OID 12924)
-- Name: plpgsql; Type: EXTENSION; Schema: -; Owner: 
--

CREATE EXTENSION IF NOT EXISTS plpgsql WITH SCHEMA pg_catalog;


--
-- TOC entry 2839 (class 0 OID 0)
-- Dependencies: 1
-- Name: EXTENSION plpgsql; Type: COMMENT; Schema: -; Owner: 
--

COMMENT ON EXTENSION plpgsql IS 'PL/pgSQL procedural language';


SET search_path = inserts, pg_catalog;

SET default_tablespace = '';

SET default_with_oids = false;

--
-- TOC entry 198 (class 1259 OID 25948)
-- Name: cliente; Type: TABLE; Schema: inserts; Owner: postgres
--

CREATE TABLE cliente (
    ced integer NOT NULL,
    nombre character varying(30),
    vendedor integer,
    zona integer
);


ALTER TABLE cliente OWNER TO postgres;

--
-- TOC entry 202 (class 1259 OID 25968)
-- Name: detalle; Type: TABLE; Schema: inserts; Owner: postgres
--

CREATE TABLE detalle (
    cantidad integer,
    producto integer NOT NULL,
    factura integer NOT NULL
);


ALTER TABLE detalle OWNER TO postgres;

--
-- TOC entry 199 (class 1259 OID 25953)
-- Name: facturas; Type: TABLE; Schema: inserts; Owner: postgres
--

CREATE TABLE facturas (
    numero integer NOT NULL,
    fecha date,
    cliente integer
);


ALTER TABLE facturas OWNER TO postgres;

--
-- TOC entry 200 (class 1259 OID 25958)
-- Name: productos; Type: TABLE; Schema: inserts; Owner: postgres
--

CREATE TABLE productos (
    codigo integer NOT NULL,
    nombre character varying(30),
    precio integer
);


ALTER TABLE productos OWNER TO postgres;

--
-- TOC entry 197 (class 1259 OID 25943)
-- Name: vendedor; Type: TABLE; Schema: inserts; Owner: postgres
--

CREATE TABLE vendedor (
    codigo integer NOT NULL,
    nombre character varying(30)
);


ALTER TABLE vendedor OWNER TO postgres;

--
-- TOC entry 201 (class 1259 OID 25963)
-- Name: zona; Type: TABLE; Schema: inserts; Owner: postgres
--

CREATE TABLE zona (
    codigo integer NOT NULL,
    nombre character varying(30)
);


ALTER TABLE zona OWNER TO postgres;

--
-- TOC entry 2828 (class 0 OID 25948)
-- Dependencies: 198
-- Data for Name: cliente; Type: TABLE DATA; Schema: inserts; Owner: postgres
--

COPY cliente (ced, nombre, vendedor, zona) FROM stdin;
1111	Antonio	1	1
1112	Manuel	1	1
1113	Francisco	1	1
1114	David	1	1
1115	Javier	2	1
1116	Carlos	2	1
1117	Daniel	2	1
1118	Miguel	2	1
1119	Rafael	3	1
1120	Alejandro	3	1
1121	Angel	3	2
1122	Fernando	3	2
1123	Luis	4	2
1124	Sergio	4	2
1125	Jorge	4	3
1126	Alberto	4	3
1127	Diego	5	3
1128	Carmen	5	3
1129	Josefa	5	2
1130	Isabel	5	3
1131	Teresa	6	3
1132	Dolores	6	3
1133	Pilar	6	3
1134	Laura	6	3
1135	Francisca	7	3
1136	Antonia	7	3
1137	Cristina	7	3
1138	Lucia	7	3
1139	Luisa	8	3
1140	Elena	8	3
1141	Mercede	8	4
1142	Sara	8	3
1143	Rosa	9	4
1144	Raquel	9	4
1145	Paula	9	4
1146	Emilia	9	4
1147	Gloria	10	4
1148	Mario	10	4
1149	Julieta	10	4
1150	Jasmin	10	4
\.


--
-- TOC entry 2832 (class 0 OID 25968)
-- Dependencies: 202
-- Data for Name: detalle; Type: TABLE DATA; Schema: inserts; Owner: postgres
--

COPY detalle (cantidad, producto, factura) FROM stdin;
14	19	0
8	7	0
1	6	0
18	13	0
4	8	0
18	16	0
10	4	1
7	7	1
14	19	1
10	20	1
11	5	1
2	9	2
17	4	2
12	13	2
12	19	2
19	15	2
3	12	2
11	5	2
4	8	2
5	18	2
6	20	2
7	17	2
6	6	2
10	18	3
20	13	3
3	8	3
20	10	3
19	7	3
6	19	3
2	9	3
19	5	3
15	12	4
12	9	4
6	10	4
10	6	4
15	15	4
5	8	4
13	14	4
14	18	4
5	20	5
9	19	5
17	15	5
17	7	5
8	5	5
14	8	5
4	6	5
6	18	5
15	4	5
10	3	5
6	13	5
8	12	5
10	3	6
5	10	6
8	9	6
20	17	6
14	5	6
10	4	6
4	6	6
13	12	6
1	18	6
7	7	6
5	16	6
13	14	6
4	15	6
2	7	7
15	5	7
2	11	7
8	4	7
1	16	7
14	20	7
7	8	7
7	18	7
9	10	7
12	12	7
4	14	7
17	6	7
11	13	7
17	3	7
19	17	7
13	7	8
2	11	8
12	15	8
14	6	8
1	12	8
17	4	8
14	18	8
15	14	8
10	3	8
6	20	8
10	19	9
1	7	9
1	3	9
6	9	9
1	16	9
14	18	9
14	17	9
8	4	9
8	12	9
10	11	9
5	6	9
15	13	9
4	20	9
4	15	9
4	5	10
4	4	10
8	18	10
9	16	10
14	10	10
11	3	11
8	19	11
5	16	11
10	5	12
2	20	12
5	16	12
14	4	12
6	9	12
7	10	12
8	12	13
20	13	13
10	16	13
2	10	13
18	9	13
1	7	13
1	11	13
11	7	14
1	5	14
2	12	14
10	18	14
4	19	14
12	15	14
12	16	14
10	14	14
15	6	14
8	9	14
7	7	15
3	19	15
8	3	15
9	16	15
10	11	15
2	10	15
20	4	15
15	8	15
7	20	15
17	14	15
11	17	15
17	14	16
19	17	16
11	12	16
18	8	16
14	11	16
12	7	16
20	19	16
19	15	16
7	13	16
11	14	17
19	16	17
12	7	17
6	19	17
20	18	17
15	6	17
2	17	17
8	17	18
4	7	18
7	13	18
2	18	18
4	12	19
4	7	19
9	4	19
1	11	19
6	3	19
13	8	19
13	19	19
10	16	19
10	5	19
1	10	19
9	6	19
13	17	19
9	18	20
10	11	20
4	12	20
5	19	20
14	6	20
18	20	20
11	15	21
16	9	21
8	20	21
11	4	21
16	8	21
7	18	21
8	5	21
13	3	21
18	11	21
2	16	21
18	12	21
9	19	22
2	12	22
4	7	22
19	13	22
15	18	22
10	14	22
14	8	22
6	9	22
11	11	22
11	17	22
1	10	22
17	15	22
6	4	22
3	18	23
13	8	23
4	19	23
9	13	23
3	9	24
2	11	24
16	3	24
16	7	24
10	15	24
18	8	24
3	3	25
6	6	25
20	13	25
4	17	25
15	15	25
18	11	25
2	5	25
15	16	25
12	8	25
14	18	25
6	4	25
9	12	25
6	19	25
3	14	26
15	7	26
17	16	26
2	4	26
2	3	26
10	6	26
3	12	26
14	18	26
19	17	26
7	20	26
17	19	26
6	13	26
12	11	27
14	3	27
20	6	27
4	10	27
12	14	27
10	5	27
6	8	27
20	12	27
6	4	27
18	9	27
4	7	27
5	15	27
7	16	27
12	19	27
8	11	28
6	9	28
19	3	28
10	14	28
14	18	28
15	16	28
15	4	28
5	7	28
19	8	28
7	19	28
3	6	29
13	11	29
12	18	29
2	16	29
9	15	29
1	5	29
9	7	29
10	13	29
18	14	29
18	10	29
12	12	29
1	8	29
11	13	30
5	6	30
13	17	30
13	18	30
4	19	30
3	15	30
13	3	30
6	4	30
19	10	30
17	5	30
9	7	30
4	14	30
5	11	30
6	8	31
11	20	31
13	16	31
18	14	31
5	11	31
2	3	31
13	5	31
9	7	31
16	18	31
6	9	31
1	10	31
12	17	31
4	19	31
2	9	32
5	8	32
7	6	32
20	12	32
3	15	32
12	10	32
11	14	32
5	13	33
19	19	33
4	10	33
9	5	33
12	11	33
12	8	33
20	10	34
1	13	34
9	6	34
13	15	34
4	9	34
10	3	34
7	14	34
20	12	34
18	8	34
14	11	34
19	4	34
3	14	35
14	11	35
7	5	35
15	4	35
6	17	35
2	3	35
16	12	35
15	7	35
3	16	35
1	18	35
15	12	36
2	17	36
3	15	36
4	16	36
9	20	36
8	5	37
19	14	37
3	11	37
13	3	37
14	16	37
9	7	37
14	8	38
15	16	38
13	9	38
3	11	38
14	12	38
11	15	38
14	14	38
6	17	38
9	19	38
1	13	38
2	7	38
2	7	39
8	10	39
6	15	39
17	5	39
17	6	39
13	4	39
17	12	39
2	8	39
9	17	39
20	11	39
14	13	39
16	16	40
3	3	40
5	5	40
15	13	40
5	18	40
14	6	40
11	11	40
14	15	40
8	10	40
20	4	40
12	8	40
8	7	41
2	20	41
3	15	41
13	11	41
18	13	41
4	19	41
9	5	41
13	6	41
12	17	41
7	14	42
10	7	42
13	6	42
13	4	42
7	5	42
2	19	42
18	3	42
14	10	42
8	11	42
17	12	42
16	13	42
18	15	42
10	5	43
12	12	43
8	3	43
20	13	43
7	10	43
9	8	43
18	6	43
10	17	44
8	6	44
8	16	44
13	14	44
14	7	44
9	8	44
9	12	44
10	4	44
10	13	44
1	8	45
1	14	45
12	20	45
14	3	45
7	9	45
13	17	45
19	12	45
17	11	45
16	4	45
13	19	45
6	18	45
17	15	46
4	7	46
15	10	46
4	6	46
7	18	46
3	17	46
20	14	46
16	19	47
15	16	47
9	20	47
6	5	47
15	4	47
20	13	48
19	4	48
11	16	48
19	12	48
3	3	48
4	15	48
12	5	48
9	13	49
3	3	49
7	15	49
14	20	49
7	9	49
18	5	49
20	16	49
15	6	49
4	7	49
4	14	49
11	18	49
16	12	50
16	10	50
5	17	50
4	16	50
5	7	50
4	6	50
10	18	50
9	20	50
13	9	50
6	3	50
7	5	50
16	19	50
19	11	50
1	17	51
4	10	51
11	19	51
13	5	51
2	11	51
18	9	51
4	15	51
7	7	51
13	16	51
9	3	52
8	8	52
20	4	52
1	20	52
4	18	52
16	11	52
20	12	52
8	14	53
17	15	53
6	18	53
14	4	53
8	16	53
4	17	53
8	5	53
12	13	53
3	6	53
16	12	54
20	11	54
19	9	54
5	7	54
17	19	54
14	8	54
14	20	54
7	18	54
7	15	54
1	17	54
7	16	54
2	14	54
9	3	55
2	10	55
13	13	55
8	4	55
8	14	55
14	12	55
6	7	55
7	6	55
10	18	55
4	11	55
2	8	55
5	9	55
12	17	55
13	8	56
11	3	56
4	18	56
5	13	56
15	11	56
6	6	56
9	4	56
19	12	56
7	7	56
15	9	56
14	16	56
4	3	57
19	9	57
5	18	57
16	10	57
1	5	57
11	4	57
1	20	57
15	17	57
7	7	57
18	6	57
17	11	57
20	14	58
1	11	58
11	12	58
7	20	58
6	19	58
8	6	58
3	7	58
9	10	58
10	4	58
1	3	58
9	15	58
12	18	58
13	9	59
13	18	59
17	20	59
10	19	59
6	6	59
6	19	60
9	9	60
16	4	60
3	3	60
4	5	60
4	14	60
9	7	60
6	20	60
17	12	60
6	8	60
15	18	60
14	10	60
10	16	60
12	3	61
15	15	61
13	4	61
10	19	61
18	11	61
20	10	61
17	16	61
18	16	62
13	17	62
7	7	62
17	13	62
14	12	62
2	8	62
7	9	62
6	10	62
1	6	62
14	3	62
13	12	63
18	13	63
5	4	63
14	9	63
6	16	63
15	18	63
18	10	63
5	19	63
12	3	63
12	17	64
17	13	64
14	9	64
3	6	64
17	8	65
6	18	65
4	19	65
11	13	65
13	19	66
12	17	66
6	5	66
8	15	66
14	20	66
6	12	66
4	4	66
15	8	66
6	11	66
4	3	66
13	6	67
13	7	67
16	15	67
11	14	67
17	4	67
5	10	67
16	9	67
11	5	67
4	19	67
11	11	67
19	3	67
1	18	68
10	15	68
7	20	68
8	3	68
15	14	68
4	19	68
8	4	68
19	12	68
16	17	68
14	10	68
19	8	68
18	7	68
7	18	69
13	13	69
14	5	69
10	16	69
4	11	69
1	19	69
14	10	69
13	9	69
10	7	69
15	20	69
1	12	69
6	3	70
12	15	70
3	19	70
5	18	70
1	10	70
7	17	70
12	17	71
18	9	71
1	15	71
6	12	71
3	3	71
10	11	71
11	4	71
16	20	72
11	9	72
2	17	72
14	5	72
10	18	72
8	8	72
3	3	72
20	14	72
6	4	72
1	19	72
2	15	72
19	17	73
3	20	73
11	8	73
16	4	73
1	12	73
16	5	73
20	6	73
6	15	73
12	19	73
13	10	73
17	18	73
17	3	73
9	16	73
3	14	74
5	15	74
6	4	74
2	16	74
18	3	74
8	20	74
17	8	74
12	19	74
17	11	74
5	6	74
7	17	74
20	6	75
7	3	75
3	13	75
3	11	75
20	20	75
14	14	75
19	5	75
2	19	75
9	8	75
14	4	75
17	18	75
7	16	75
7	13	76
10	14	76
1	7	76
6	19	76
9	17	76
5	4	76
6	5	77
17	12	77
6	18	77
14	20	77
13	9	77
18	10	77
9	11	77
20	15	77
12	6	78
10	14	78
8	7	78
16	3	78
10	13	78
10	10	78
6	17	78
7	15	78
12	9	78
4	11	78
8	8	78
2	5	78
8	12	79
9	16	79
4	13	79
3	14	79
15	10	79
18	20	79
14	15	79
6	17	80
14	11	80
20	20	80
4	10	80
2	8	80
17	6	80
5	16	80
11	16	81
16	10	81
11	8	81
19	7	81
6	18	81
4	4	81
2	19	81
20	6	81
11	3	81
11	13	81
14	14	81
13	5	81
13	14	82
7	20	82
12	9	82
14	13	82
2	8	82
12	4	82
6	17	82
20	15	82
16	6	82
5	3	82
15	7	82
15	19	82
2	16	83
17	7	83
8	19	83
10	5	83
13	10	83
3	14	83
3	6	83
5	4	83
18	9	83
19	17	83
19	11	83
7	20	83
4	3	84
19	8	84
1	12	84
15	9	84
15	5	84
8	14	84
10	15	84
19	18	84
12	16	85
11	7	85
10	5	85
2	14	85
1	17	85
6	15	85
14	11	85
6	4	85
17	12	85
15	9	85
2	5	86
3	9	86
17	12	86
18	4	86
2	18	87
16	8	87
7	3	87
10	9	87
17	11	87
14	10	87
17	17	87
12	14	87
6	9	88
2	19	88
13	6	88
12	4	88
6	11	88
9	17	88
17	14	88
8	5	88
10	16	88
13	15	88
16	13	88
18	7	89
14	12	89
6	20	89
14	19	89
14	13	89
1	5	89
10	12	90
14	16	90
16	7	90
17	19	90
2	20	90
15	4	90
19	11	90
9	17	90
8	18	90
1	8	90
5	9	90
17	15	90
19	11	91
15	5	91
18	14	91
18	10	91
11	13	91
14	18	92
20	19	92
19	5	92
3	20	92
10	10	92
7	3	92
14	8	92
3	3	93
20	5	93
7	15	93
20	10	93
3	18	93
16	16	93
16	14	93
10	4	93
5	13	93
8	8	94
17	17	94
1	15	94
1	20	94
19	4	94
9	19	94
10	10	94
13	11	94
19	9	94
17	16	94
12	13	94
15	18	94
4	20	95
18	5	95
13	10	95
20	9	95
18	15	95
13	13	95
14	17	95
1	20	96
1	12	96
14	6	96
19	17	96
11	7	96
2	19	96
15	4	96
13	10	96
4	14	96
14	18	96
9	15	96
16	9	96
3	5	96
2	8	96
4	7	97
14	15	97
14	3	97
13	16	97
2	14	97
8	6	97
17	8	97
9	20	97
3	13	97
5	18	97
11	13	98
8	12	98
15	5	98
8	20	98
10	3	98
8	18	99
7	7	99
2	13	99
17	12	99
14	3	99
16	17	99
17	10	99
11	8	99
7	16	99
18	6	99
15	3	100
8	11	100
7	7	101
7	20	101
19	11	101
2	17	101
18	11	102
19	4	102
3	20	102
1	5	102
5	19	102
17	18	102
20	3	102
8	4	103
1	10	103
12	19	103
20	18	103
19	8	103
18	3	103
20	14	103
7	5	103
10	7	103
16	17	104
2	13	104
6	18	104
12	12	104
18	3	104
16	15	104
12	11	104
3	20	104
8	14	104
14	16	104
12	20	105
11	17	105
3	6	105
6	18	105
15	19	105
14	4	105
12	13	105
2	5	105
7	14	105
16	5	106
9	19	106
4	12	106
8	13	106
8	4	106
7	20	106
7	13	107
20	12	107
13	17	107
7	11	107
8	19	107
7	5	107
19	16	107
13	4	107
11	15	107
4	10	107
6	18	108
10	4	108
3	13	108
7	14	108
13	16	108
14	11	108
7	19	108
3	12	108
9	20	108
2	9	109
11	18	109
16	7	109
2	3	109
19	19	109
2	15	110
17	20	110
19	18	110
12	14	110
8	4	110
11	7	110
13	5	110
4	19	110
11	8	110
12	6	110
5	9	110
19	11	111
16	5	111
9	4	111
13	7	111
1	13	111
18	12	111
8	19	111
12	8	111
18	9	111
13	10	111
9	6	111
2	14	111
20	15	111
18	17	111
20	3	111
17	6	112
15	15	112
18	11	112
15	18	112
10	5	112
8	13	112
19	3	112
4	12	112
7	8	112
2	7	112
13	10	112
11	17	113
3	6	113
18	18	113
9	5	113
15	4	113
20	19	114
2	4	114
18	13	114
14	18	114
16	17	114
19	8	114
18	15	114
7	16	114
5	3	114
4	10	115
15	18	115
10	20	115
13	15	115
7	16	115
13	7	115
13	11	115
15	17	115
17	3	115
4	5	115
14	19	115
6	8	115
4	16	116
20	15	116
7	18	116
19	5	116
7	7	116
12	6	116
20	12	116
19	17	116
12	3	116
18	13	116
16	10	117
20	16	117
17	5	117
14	7	117
20	15	117
3	20	117
12	11	117
9	18	117
20	9	117
9	17	117
18	12	117
1	9	118
2	13	118
11	11	118
18	12	118
4	4	118
14	10	118
1	8	118
6	15	118
8	13	119
10	9	119
10	12	119
4	7	119
5	14	119
2	5	119
20	10	119
15	11	119
20	16	119
13	13	120
9	9	120
6	17	120
4	4	120
1	11	120
15	7	121
15	15	121
3	6	121
11	9	121
13	20	121
20	11	121
11	3	121
10	19	121
9	4	121
12	10	121
15	15	122
11	18	122
1	11	122
17	7	122
4	5	122
1	14	122
15	20	122
3	3	122
15	14	123
6	19	123
1	3	123
11	4	123
3	8	123
15	16	123
14	6	123
3	13	123
9	20	123
8	11	123
15	10	123
14	5	123
8	11	124
13	15	124
8	5	124
14	18	124
17	13	124
19	16	125
20	14	125
10	17	125
5	13	125
3	4	125
2	8	125
19	10	126
3	15	126
4	4	126
4	9	126
9	14	126
8	20	126
11	13	126
16	17	126
2	7	127
1	8	127
18	13	127
14	17	127
3	5	127
1	3	127
11	14	127
3	4	127
4	10	128
16	18	128
7	16	128
6	11	128
20	3	128
20	20	128
7	15	128
3	5	128
4	7	128
12	8	128
13	17	128
16	16	129
8	14	129
3	8	129
5	7	129
13	9	129
4	20	129
16	18	129
14	15	129
6	3	129
9	17	130
11	14	130
1	19	130
14	9	130
16	11	130
12	3	130
8	5	131
17	10	131
18	8	131
10	6	131
6	9	131
9	16	131
18	18	131
6	17	131
4	4	131
8	15	131
17	14	131
1	3	131
17	13	131
9	17	132
3	4	132
7	11	132
3	14	132
11	6	132
16	12	132
9	5	132
7	15	132
9	19	132
9	3	132
1	13	132
20	9	132
1	10	133
17	18	133
5	12	133
19	11	133
13	18	134
3	19	134
20	4	134
8	9	134
10	17	134
10	12	135
15	13	135
12	10	135
5	18	135
14	11	135
6	6	135
6	17	135
17	5	135
6	19	135
13	6	136
2	11	136
20	9	136
13	13	136
13	15	136
2	7	136
11	8	136
16	10	136
8	17	136
1	16	136
2	20	136
18	4	137
17	17	137
19	16	137
10	13	137
18	19	137
13	8	137
16	3	137
12	12	137
2	20	137
6	14	137
2	3	138
7	9	138
6	17	138
5	4	138
2	12	138
2	19	138
4	7	138
3	6	138
4	11	138
20	13	138
7	5	138
19	15	138
13	20	138
13	16	138
5	8	139
2	17	139
19	9	139
7	12	139
13	10	139
16	20	139
20	5	139
11	3	139
1	6	139
3	15	139
9	11	139
6	7	140
1	13	140
9	11	140
14	8	140
14	5	140
7	14	140
3	17	140
16	12	141
1	11	141
12	3	141
14	9	141
10	7	141
19	4	141
13	14	141
7	13	141
15	15	142
12	16	142
20	17	142
13	7	142
10	8	143
6	17	143
20	15	143
2	11	143
19	19	143
2	13	143
12	6	143
13	5	143
15	18	143
12	10	143
9	7	143
6	3	143
19	15	144
8	12	144
13	14	144
10	9	144
17	16	144
16	13	144
7	19	144
18	18	144
16	5	144
16	7	144
2	4	144
12	6	144
4	10	145
4	15	145
5	13	145
6	7	145
17	3	145
1	14	145
10	9	145
14	16	145
10	18	146
6	10	146
14	6	146
15	4	146
14	5	146
13	20	146
8	15	146
4	16	146
6	3	146
10	19	146
10	11	146
10	9	146
6	14	146
16	11	147
11	7	147
2	3	147
1	14	147
18	4	147
3	17	147
2	8	148
10	16	148
20	20	148
7	13	148
8	6	148
20	15	148
15	12	148
19	4	148
14	17	148
7	3	148
11	18	148
3	8	149
4	16	149
5	3	149
3	13	149
13	12	149
13	5	150
8	14	150
2	10	150
10	11	150
17	15	150
9	3	150
16	17	150
3	9	150
4	7	150
13	4	150
1	17	151
1	9	151
14	16	151
2	12	151
4	3	151
6	18	151
14	10	151
8	15	151
7	15	152
13	11	152
1	13	152
13	5	152
19	10	152
7	6	152
2	7	152
19	3	152
1	14	152
7	4	152
20	17	152
1	19	152
1	9	152
11	11	153
8	12	153
2	8	153
10	4	153
13	20	154
11	14	154
6	12	154
6	7	154
17	4	154
10	3	154
17	19	154
14	5	154
19	11	154
13	8	154
14	10	155
14	8	155
3	20	155
8	5	155
14	19	155
18	6	155
8	11	155
9	14	155
14	17	155
14	7	155
8	12	155
7	10	156
18	7	156
6	17	156
15	8	156
7	4	156
15	18	156
6	12	156
7	14	156
6	19	157
12	8	157
10	7	157
19	3	157
16	10	157
12	4	157
3	15	158
20	12	158
5	10	158
17	18	159
3	7	159
14	11	159
4	4	159
20	3	159
9	19	159
17	13	160
20	19	160
16	18	160
9	11	160
8	16	160
1	3	160
19	15	161
18	8	161
13	16	161
10	11	161
9	10	161
16	7	161
18	12	161
17	9	162
18	16	162
11	11	162
13	12	162
3	15	162
3	5	162
9	3	162
8	7	162
16	6	162
12	14	162
17	20	162
16	8	163
11	9	163
8	4	163
12	11	163
6	15	163
19	7	163
17	16	163
16	17	164
3	13	164
4	14	164
8	3	164
4	15	164
15	9	164
12	6	164
12	7	164
11	17	165
11	3	165
1	8	165
13	6	165
19	4	165
10	5	165
20	11	165
19	9	165
13	14	165
4	10	165
3	12	165
14	4	166
16	6	166
20	5	166
8	19	166
1	15	166
16	12	167
5	19	167
19	14	167
7	15	167
5	20	167
19	15	168
7	11	168
18	13	168
7	7	168
2	10	168
16	18	168
7	19	168
1	3	168
3	4	168
12	5	168
12	16	168
9	14	169
11	16	169
15	10	169
13	7	169
2	9	169
8	13	170
4	19	170
9	4	170
3	15	170
8	17	170
4	18	170
9	12	170
18	10	170
8	3	170
9	16	171
8	6	171
4	4	171
10	12	171
10	17	171
1	3	172
2	12	172
2	13	172
20	4	172
3	9	172
6	20	172
4	5	172
13	11	172
16	14	172
17	8	172
1	6	172
11	9	173
13	13	173
8	11	173
7	18	173
4	16	173
8	6	173
1	15	173
20	3	173
16	14	173
10	17	173
5	19	173
13	5	173
16	5	174
5	9	174
15	11	174
19	7	174
4	13	174
3	19	174
14	3	174
18	6	174
8	17	175
6	16	175
14	20	175
15	3	175
2	4	175
12	7	175
12	11	175
1	10	175
4	9	175
10	13	175
10	6	176
16	15	176
4	5	176
4	14	176
20	12	176
18	3	176
2	19	176
13	13	176
13	7	176
5	18	176
11	9	176
7	20	176
14	17	176
15	3	177
18	9	177
13	12	177
8	11	177
4	8	177
1	16	177
14	19	178
6	18	178
10	6	178
3	16	178
12	11	178
17	9	178
18	8	178
3	12	178
7	20	178
15	15	179
4	6	179
13	4	179
16	16	179
20	19	179
12	20	179
2	11	179
16	8	180
9	7	180
9	6	180
1	9	180
7	15	180
5	17	180
19	12	180
18	5	180
13	18	180
20	3	180
3	19	181
1	13	181
13	9	181
15	10	181
14	16	181
10	12	181
8	5	181
6	14	181
4	4	181
10	15	181
17	3	181
6	7	181
15	15	182
6	7	182
12	10	182
18	14	182
20	3	182
8	12	182
15	20	182
19	18	182
9	4	182
15	4	183
6	5	183
9	8	183
13	11	183
11	19	184
16	10	184
14	18	184
19	17	184
11	9	184
11	12	185
6	6	185
16	16	185
20	7	185
16	4	185
12	15	185
13	8	185
4	11	185
2	18	185
7	13	186
11	10	186
19	12	186
5	20	186
13	11	186
15	17	186
15	16	186
18	18	186
20	5	186
19	15	186
12	14	186
12	7	186
19	8	186
12	7	187
5	3	187
9	8	187
12	3	188
11	14	188
11	7	188
15	11	188
16	18	189
6	20	189
7	11	189
5	5	189
19	4	189
3	15	189
14	9	189
2	17	189
9	10	189
1	11	190
5	12	190
15	18	190
6	15	190
14	7	190
1	19	190
18	8	191
5	12	191
9	6	191
6	7	191
3	5	191
1	3	191
13	11	191
14	20	191
11	4	191
2	17	191
19	8	192
14	7	192
7	16	192
16	12	192
4	4	193
5	19	193
20	16	193
10	6	193
20	12	193
9	14	193
9	8	193
14	10	193
16	15	193
4	5	193
20	6	194
13	17	194
13	19	194
16	18	194
6	20	194
20	4	194
5	12	194
16	3	195
18	19	195
2	10	195
2	11	195
13	14	195
8	16	195
9	13	195
4	7	195
11	4	195
13	18	195
17	12	195
13	14	196
1	5	196
17	19	196
16	3	196
7	8	196
9	7	196
19	15	196
15	20	196
11	16	196
9	4	196
18	10	196
2	6	196
8	13	197
11	15	197
14	5	197
5	4	197
13	18	197
7	17	197
16	3	198
7	8	198
13	13	198
15	20	198
9	12	198
1	5	199
18	3	199
6	16	199
9	15	199
8	8	200
13	15	200
12	19	200
10	18	200
7	6	200
8	3	200
16	20	200
5	14	200
13	5	200
17	17	201
1	9	201
16	12	201
6	7	201
2	5	201
4	15	201
1	9	202
4	13	202
18	19	202
13	10	202
5	4	202
14	17	202
16	14	202
19	18	202
17	10	203
17	16	203
12	13	203
13	18	203
2	13	204
4	6	204
13	7	204
6	9	205
9	17	205
12	16	205
6	11	205
8	19	205
6	4	205
18	10	205
14	3	205
1	7	205
6	20	205
19	15	205
13	6	205
15	13	205
10	16	206
6	6	206
14	4	206
4	18	206
3	11	206
16	20	206
18	10	206
10	13	206
1	9	207
5	11	207
1	16	207
14	19	207
3	17	207
20	20	207
18	10	207
11	13	208
18	8	208
3	11	208
10	14	208
11	6	208
17	15	208
10	9	208
16	20	208
13	3	208
10	5	209
7	8	209
16	15	209
9	18	209
9	13	209
8	17	209
2	19	209
15	16	209
4	5	210
7	16	210
6	13	210
3	11	210
14	3	210
4	8	210
3	15	210
5	4	210
14	20	210
4	9	210
11	6	210
20	10	210
16	19	211
20	5	211
19	8	211
15	12	211
19	7	211
17	18	211
19	15	211
19	4	211
15	7	212
10	4	212
14	6	212
12	15	212
10	18	212
15	11	212
4	12	212
1	19	212
18	9	212
9	17	212
18	20	212
11	15	213
8	19	213
16	14	213
11	18	213
14	6	214
9	5	214
18	3	214
20	9	214
20	17	214
4	20	214
10	17	215
14	4	215
20	10	215
10	11	215
18	14	215
8	9	215
2	13	215
18	19	215
3	18	215
9	20	215
17	16	216
14	15	216
11	9	216
17	19	216
5	5	216
15	12	216
15	18	216
19	20	216
5	17	216
2	20	217
9	10	217
4	19	217
4	9	217
5	12	217
19	12	218
10	3	218
5	16	218
9	19	218
2	13	218
1	7	218
9	11	218
8	5	218
14	15	218
16	15	219
15	10	219
4	7	219
20	4	219
16	16	219
20	9	219
9	6	219
5	3	219
6	19	219
16	14	219
15	12	219
3	17	219
19	11	219
18	6	220
10	5	220
15	12	220
11	17	220
13	8	220
18	10	220
12	13	220
14	19	220
3	4	220
17	14	220
15	3	220
2	11	220
5	20	220
2	12	221
2	14	221
8	6	221
19	16	221
12	19	221
17	9	221
8	11	221
15	15	221
18	7	221
16	18	221
4	13	221
5	14	222
1	19	222
6	8	222
8	15	222
10	16	222
13	10	222
3	18	222
20	11	222
13	3	222
19	13	223
18	14	223
12	20	223
15	9	223
6	12	223
10	4	223
2	11	223
11	3	223
9	18	223
5	15	223
19	6	223
14	17	224
12	7	224
6	6	224
3	11	224
18	18	225
13	14	225
17	17	225
11	4	225
5	13	225
13	15	225
4	20	225
2	12	225
2	16	225
3	11	225
1	6	225
16	9	226
11	11	226
11	20	226
14	16	226
16	7	226
3	14	226
4	8	226
17	11	227
6	10	227
15	6	227
12	9	227
16	14	227
1	18	227
17	15	227
12	17	227
5	13	227
15	20	227
13	3	227
16	12	228
7	6	228
3	13	228
15	14	228
7	20	228
1	4	228
14	15	228
7	7	228
4	16	228
2	19	228
18	17	228
10	16	229
6	18	229
8	8	229
18	14	229
2	11	229
2	3	229
13	17	229
16	13	229
8	6	229
11	5	229
17	4	229
17	8	230
20	17	230
13	11	230
19	6	230
12	3	230
2	9	230
12	10	230
16	5	230
20	16	231
6	7	231
9	13	231
6	12	231
5	15	231
1	6	232
15	5	232
8	12	232
19	20	232
1	17	232
12	14	232
11	7	232
18	16	232
17	13	232
10	10	232
11	18	232
6	4	233
8	11	233
1	9	233
6	12	233
3	18	233
2	5	233
14	14	233
3	3	233
15	15	233
8	16	233
3	17	233
16	13	233
10	20	233
2	5	234
18	3	234
15	9	234
6	11	234
2	10	234
18	6	234
3	17	234
2	11	235
7	14	235
5	18	235
7	4	235
2	13	235
18	5	235
4	9	235
8	15	235
10	12	235
12	20	235
12	7	235
1	8	235
2	6	235
11	14	236
11	7	236
1	15	236
9	3	236
5	6	236
2	19	236
6	11	236
1	5	236
14	20	236
11	9	236
4	4	236
4	13	236
19	3	237
8	13	237
8	10	237
18	17	237
11	8	237
11	4	237
19	15	237
13	19	237
18	9	237
14	18	237
4	16	237
8	11	237
10	17	238
16	9	238
4	8	238
13	16	238
4	6	238
5	12	238
20	7	238
9	10	238
15	18	238
7	3	238
19	20	238
7	15	238
4	11	238
2	4	239
4	12	239
13	3	239
4	6	239
8	18	239
4	5	239
14	15	239
18	7	239
14	14	239
20	17	239
7	14	240
10	10	240
7	4	240
5	20	240
11	5	240
11	17	240
17	3	240
6	16	240
9	19	241
2	5	241
9	7	241
9	17	241
5	11	241
8	12	241
8	14	241
3	8	241
14	13	241
20	6	241
20	15	241
14	3	241
17	20	241
18	15	242
8	11	242
9	20	242
2	16	242
10	10	242
17	7	242
1	4	242
9	13	242
9	18	242
3	12	243
11	4	243
20	19	243
20	16	244
19	19	244
20	14	244
10	15	244
19	11	244
12	9	244
2	20	244
16	5	244
3	3	244
9	18	244
18	19	245
15	20	245
4	15	245
11	3	245
8	10	246
15	14	246
19	9	246
19	11	246
5	5	246
5	13	246
2	12	246
20	18	246
1	20	247
2	18	247
20	13	247
15	11	247
13	4	247
18	19	247
7	5	247
2	3	247
12	12	247
17	18	248
18	19	248
19	14	248
5	8	248
15	7	248
7	4	248
1	12	248
12	9	248
2	6	248
2	16	248
4	5	248
18	19	249
9	16	249
15	3	249
11	5	249
18	9	249
10	12	249
13	13	249
9	20	249
18	15	249
16	14	249
1	14	250
8	4	250
11	17	250
17	13	250
5	16	250
4	6	250
4	11	250
9	9	250
18	20	251
14	11	251
16	12	251
15	16	251
2	9	251
18	17	252
9	7	252
11	11	252
19	12	252
9	18	252
14	4	252
18	8	252
2	13	252
12	18	253
9	16	253
19	17	253
14	13	253
15	19	253
8	8	254
1	11	254
15	17	254
8	10	254
14	12	254
14	19	254
13	19	255
6	6	255
1	13	255
4	10	255
18	20	255
19	15	255
18	16	255
7	18	255
3	7	255
5	3	255
12	10	256
8	4	256
10	20	256
15	14	256
18	13	256
15	11	256
12	5	256
18	9	256
5	8	256
5	6	256
3	18	256
15	6	257
14	8	257
3	7	257
16	10	257
17	3	257
19	4	257
2	11	257
11	19	257
16	13	258
10	14	258
9	7	258
12	4	258
12	20	258
4	6	258
17	13	259
14	6	259
14	15	259
2	8	259
11	17	259
9	11	259
14	9	259
8	16	259
18	14	259
5	4	259
12	6	260
11	11	260
14	16	260
9	20	260
3	14	260
18	3	260
18	4	261
3	18	261
14	19	261
6	5	261
13	12	261
5	13	261
20	16	261
7	7	261
12	15	261
13	3	262
16	15	262
19	20	262
13	16	262
5	9	262
5	5	262
6	10	262
6	19	262
4	18	262
9	10	263
1	4	263
5	12	263
13	19	263
2	5	264
3	14	264
1	20	264
14	9	264
15	15	264
17	18	264
12	11	264
17	8	264
10	16	264
1	13	264
17	20	265
10	10	265
9	19	265
7	19	266
12	12	266
1	9	266
15	6	266
9	15	266
13	20	266
15	11	266
6	17	266
15	18	266
4	13	267
4	10	267
12	17	267
13	12	267
14	20	267
16	6	267
19	15	267
11	3	267
3	7	267
8	19	267
10	16	267
18	9	268
4	6	268
8	10	268
15	19	268
13	18	268
8	14	268
4	12	268
20	17	268
9	15	268
3	20	268
7	13	268
19	4	268
1	5	268
7	16	268
11	14	269
8	3	269
3	12	269
14	15	269
6	5	269
4	18	269
5	19	269
18	4	269
19	17	269
4	10	269
13	13	269
3	11	270
6	5	270
3	7	270
3	17	270
14	4	270
19	19	270
6	12	270
17	14	270
9	19	271
18	15	271
17	10	271
15	3	271
19	12	271
8	20	271
3	17	271
6	7	271
9	14	271
2	11	271
4	16	271
13	13	271
11	5	272
15	10	272
2	14	272
9	20	272
7	3	272
5	18	272
13	17	272
1	10	273
9	20	273
9	11	273
8	9	273
8	12	273
12	8	273
10	6	273
1	18	273
15	5	273
3	17	273
8	8	274
18	11	274
16	10	274
12	3	274
2	10	275
9	11	275
17	3	275
14	19	275
2	12	275
10	4	275
13	9	275
7	17	275
12	8	275
13	16	275
17	14	275
19	11	276
5	9	276
12	15	276
15	18	276
20	3	276
12	13	276
6	6	277
14	15	277
7	17	277
7	11	277
9	12	277
19	10	277
15	14	277
8	20	277
3	4	277
15	18	277
19	13	277
1	4	278
17	18	278
8	10	278
3	9	278
2	15	278
9	17	278
14	3	278
6	16	279
5	12	279
10	13	279
4	3	279
9	8	279
14	18	279
3	15	279
5	14	279
2	10	279
8	4	279
20	17	279
8	15	280
18	8	280
10	5	280
9	9	280
4	19	280
12	7	280
14	7	281
1	16	281
20	17	281
10	20	281
10	12	281
4	9	281
8	5	281
6	6	281
15	3	281
19	15	282
12	4	282
9	8	282
13	13	282
19	11	282
7	19	282
14	12	282
8	10	282
6	5	282
13	16	282
1	14	283
5	19	283
6	12	283
16	5	283
19	15	283
8	3	284
3	20	284
10	18	284
15	9	284
7	4	284
1	16	284
3	7	284
11	10	284
11	19	284
11	6	284
16	5	285
18	8	285
6	17	285
17	18	285
20	10	285
20	16	285
5	14	286
19	5	286
12	8	286
8	9	286
9	19	286
11	4	286
3	15	286
1	17	286
17	13	286
2	20	286
1	18	286
9	18	287
10	11	287
16	7	287
3	4	287
10	10	287
4	17	288
17	12	288
7	9	288
10	8	289
14	12	289
12	20	289
3	6	289
5	4	289
8	16	289
10	12	290
15	14	290
16	9	290
3	16	290
13	15	290
16	5	290
11	20	290
13	4	290
3	3	290
19	18	291
10	9	291
1	20	291
16	11	291
6	19	291
1	12	291
4	17	291
4	13	291
9	8	291
16	14	291
8	6	291
11	3	291
7	6	292
5	9	292
8	16	292
7	8	292
5	12	292
9	13	292
17	13	293
6	16	293
19	20	293
19	9	293
10	15	293
8	19	293
12	11	293
10	4	293
10	17	293
20	10	293
5	20	294
4	14	294
5	7	294
14	16	294
17	5	294
8	3	294
19	10	294
10	17	294
5	6	294
2	15	294
13	9	294
20	7	295
14	4	295
4	3	295
13	11	295
17	10	295
7	13	295
11	17	295
16	20	295
3	9	295
1	20	296
18	11	296
17	6	296
10	8	296
9	5	296
5	19	296
5	9	296
18	15	296
8	17	296
13	12	297
18	10	297
20	13	297
7	16	297
15	17	297
7	18	297
5	8	297
17	9	297
12	20	297
20	14	297
8	6	298
8	20	298
13	16	298
6	14	298
19	12	298
10	17	298
14	7	299
4	15	299
16	18	299
16	19	299
9	13	299
5	12	299
20	16	299
10	5	299
19	8	299
2	13	300
15	6	300
11	15	300
12	4	300
7	10	300
14	17	300
18	8	300
15	3	300
11	14	300
13	14	301
4	15	301
11	4	301
12	8	301
5	12	301
9	5	301
16	9	301
5	6	301
9	10	301
19	18	301
4	7	301
8	20	301
19	16	302
5	3	302
18	17	302
1	12	302
16	4	302
9	6	302
20	8	302
18	14	302
11	11	302
1	5	302
1	9	302
2	18	302
7	3	303
5	7	303
3	5	303
12	20	303
9	13	303
4	15	303
13	16	303
11	4	303
11	14	303
20	15	304
14	9	304
6	20	304
5	18	304
15	6	305
15	9	305
11	7	305
19	15	305
11	19	306
15	18	306
13	17	306
16	6	306
19	13	306
4	3	306
10	14	306
18	9	306
15	16	306
19	11	306
13	16	307
20	8	307
4	12	307
5	3	307
17	19	307
9	15	307
13	7	307
12	3	308
18	16	308
13	9	308
17	19	308
19	17	308
5	7	308
6	6	309
14	16	309
10	7	309
5	8	309
13	15	309
17	10	309
19	4	309
19	18	310
1	8	310
15	9	310
1	20	310
11	16	310
10	11	310
10	12	310
10	19	310
3	17	310
20	5	310
12	13	310
13	19	311
2	12	311
8	3	311
9	13	311
14	9	311
18	6	311
18	13	312
20	18	312
1	3	312
20	5	312
14	17	312
7	16	312
6	12	312
4	11	312
5	15	312
11	8	313
18	18	313
4	3	313
17	7	313
12	9	313
10	4	313
13	17	313
20	14	313
9	15	313
10	12	313
13	6	313
20	19	313
15	10	313
20	11	313
13	5	313
2	3	314
16	20	314
9	7	314
6	4	314
9	15	314
20	10	314
2	12	314
14	14	314
19	17	314
1	19	314
9	13	314
16	12	315
15	7	315
19	4	315
9	14	315
2	17	315
19	11	315
5	6	315
9	3	315
4	9	315
12	8	315
10	20	316
2	3	316
6	17	316
13	6	316
9	7	316
4	6	317
14	7	317
14	12	317
19	20	317
12	10	317
19	17	318
20	6	318
14	16	318
2	13	318
6	20	318
6	14	318
16	5	318
17	11	318
3	17	319
11	11	319
9	4	319
10	15	319
3	6	319
11	20	319
13	6	320
10	18	320
3	5	320
7	8	320
16	7	320
13	20	320
13	4	320
17	9	320
6	16	320
17	10	320
11	12	320
18	19	320
16	14	320
2	3	320
18	8	321
16	6	321
16	19	321
8	9	321
5	18	321
16	17	321
18	4	321
14	10	321
6	11	321
6	14	321
11	13	321
4	12	321
18	20	321
16	5	321
16	16	321
6	5	322
2	13	322
1	8	322
17	14	322
3	7	322
19	19	322
1	9	322
12	20	322
6	16	322
19	18	322
4	3	323
16	19	323
3	7	323
10	18	323
18	8	323
17	11	324
11	9	324
1	7	324
20	13	324
2	12	324
2	20	324
7	16	324
19	5	324
14	4	324
12	17	325
7	14	325
6	20	325
12	4	325
10	5	326
3	9	326
12	7	326
19	14	326
11	13	326
6	11	326
6	15	326
16	8	326
18	20	326
16	6	326
7	19	326
7	7	327
14	15	327
13	12	327
4	8	327
11	10	327
20	18	327
13	13	327
16	19	327
8	16	327
10	20	327
9	6	327
18	12	328
10	6	328
19	5	328
6	7	328
16	8	328
4	10	328
1	7	329
14	19	329
19	15	329
4	16	329
7	14	329
4	12	330
7	17	330
6	3	330
1	10	330
16	5	330
15	7	330
7	8	330
18	19	330
11	13	330
1	4	331
6	20	331
12	10	331
10	18	331
20	13	332
14	14	332
12	10	332
1	12	332
20	6	332
18	7	333
17	16	333
13	9	333
13	17	333
14	13	333
3	11	333
11	12	333
17	15	333
15	5	333
11	20	333
13	19	333
18	8	334
6	6	334
20	9	334
7	15	334
12	12	334
10	11	335
14	5	335
6	13	335
12	14	335
6	9	335
17	18	335
5	4	336
5	13	336
7	17	336
8	8	336
7	3	336
5	10	336
8	12	336
11	6	336
16	19	336
13	5	336
12	20	336
12	14	336
6	19	337
13	11	337
17	16	337
7	4	337
1	5	337
3	13	337
18	14	337
4	8	337
19	3	337
9	10	337
8	7	337
20	20	337
7	17	337
11	20	338
19	10	338
20	11	338
15	13	338
10	7	338
18	16	338
8	17	338
5	14	338
11	6	338
3	3	338
13	15	338
17	5	338
8	12	338
2	12	339
15	18	339
16	14	339
16	3	339
3	19	339
1	16	339
20	20	339
7	6	339
13	9	339
13	20	340
20	12	340
10	9	340
20	8	340
5	10	340
9	7	340
17	14	340
2	6	341
6	12	341
12	15	341
3	8	341
9	20	341
13	3	341
19	4	341
1	16	341
11	14	342
9	9	342
2	10	342
9	12	342
20	13	342
18	4	342
4	3	343
12	11	343
10	12	343
2	4	343
13	17	343
19	6	343
9	3	344
10	11	344
8	12	344
20	6	344
2	20	344
19	10	344
3	13	344
3	19	344
18	9	344
13	4	344
18	8	344
19	5	345
9	16	345
6	9	345
10	19	345
15	6	345
12	12	345
12	15	345
4	4	345
2	11	345
17	15	346
8	16	346
9	11	346
1	4	346
13	9	346
12	13	346
15	8	346
18	5	346
12	6	346
20	13	347
12	15	347
12	4	347
7	11	347
9	10	347
4	7	347
7	16	347
12	3	347
14	6	347
5	12	347
2	3	348
13	17	348
14	13	348
13	9	348
10	6	348
13	18	348
17	14	348
4	10	349
8	4	349
11	15	349
7	20	349
4	9	349
12	5	349
5	9	350
20	15	350
18	16	350
9	19	350
9	20	350
1	7	350
19	5	350
15	10	350
16	12	350
18	13	350
19	8	350
7	19	351
20	12	351
15	7	351
2	9	351
12	4	351
18	5	351
19	20	351
15	16	351
14	6	351
1	10	351
9	14	352
15	10	352
13	20	352
13	7	352
2	8	352
17	15	352
10	16	352
5	3	352
10	9	352
20	4	352
1	7	353
10	4	353
7	10	353
2	17	353
8	15	353
14	20	353
8	16	353
8	3	353
12	11	353
17	13	353
3	9	353
20	5	353
19	19	353
16	3	354
7	10	354
3	18	354
9	4	354
3	11	354
17	12	354
15	13	354
10	14	354
13	7	354
14	19	354
16	20	354
10	9	355
18	4	355
18	8	355
18	13	355
9	19	355
2	5	355
5	16	355
6	14	356
6	13	356
14	16	356
13	3	356
13	8	356
14	18	356
13	15	356
9	6	357
8	16	357
9	17	357
2	18	357
11	7	357
6	11	357
5	20	357
2	14	357
7	13	357
2	15	357
17	3	357
1	12	357
5	15	358
16	20	358
6	18	358
18	16	358
8	12	358
6	14	358
19	8	358
15	19	358
1	11	359
19	7	359
6	16	359
17	14	359
19	4	359
2	9	359
20	18	359
1	8	359
2	13	360
18	9	360
3	14	360
6	3	360
3	4	360
13	18	360
6	16	360
17	11	360
4	16	361
9	11	361
12	17	361
7	4	361
15	15	361
10	7	361
9	6	361
19	8	361
20	19	361
16	5	361
20	13	362
16	10	362
17	16	362
18	5	362
12	7	362
18	15	362
20	18	362
17	20	362
8	17	362
15	19	362
7	13	363
11	14	363
16	15	363
7	19	363
1	17	363
1	18	363
9	12	363
18	20	363
8	6	364
10	11	364
2	19	364
18	13	364
17	17	364
18	18	364
10	4	364
1	10	364
14	7	364
2	3	365
5	16	365
3	17	365
8	4	365
15	12	365
10	7	365
18	10	365
10	14	365
19	15	365
5	18	365
18	20	365
13	11	365
12	9	365
8	18	366
4	3	366
14	14	366
7	7	366
9	4	366
7	15	366
1	15	367
1	20	367
16	16	367
20	5	367
3	12	367
6	17	367
19	12	368
19	19	368
5	16	368
4	17	368
3	11	368
13	15	368
9	8	368
6	14	368
19	18	368
15	3	369
3	5	369
5	15	369
18	10	369
6	4	369
16	19	369
7	17	369
18	8	369
11	7	369
13	20	369
3	12	369
15	14	369
14	15	370
11	8	370
20	4	370
4	7	370
19	10	371
16	9	371
13	5	371
5	13	372
6	17	372
16	7	372
6	16	372
12	14	372
13	19	372
13	8	373
14	11	373
7	20	373
4	3	373
15	7	373
14	18	373
12	14	373
9	17	373
7	16	373
16	5	374
1	13	374
1	6	374
14	11	374
11	20	374
10	8	374
3	4	374
19	9	374
8	8	375
14	12	375
15	13	375
14	11	375
20	18	375
14	3	375
2	9	375
5	16	375
12	7	375
10	7	376
19	8	376
18	4	376
12	9	376
9	18	376
16	17	376
19	11	376
10	12	376
3	15	376
17	7	377
10	6	377
19	11	377
9	10	377
16	12	377
3	15	377
5	12	378
14	19	378
15	7	378
19	4	378
11	13	378
4	11	378
18	15	378
9	18	378
1	5	378
16	10	378
5	13	379
16	8	379
20	20	379
3	19	379
11	14	379
6	6	379
3	11	379
7	15	380
16	11	380
6	14	380
7	7	380
9	9	380
8	18	380
19	10	380
4	16	380
3	15	381
5	3	381
4	9	381
2	4	381
2	8	382
7	16	382
8	5	382
6	12	382
9	4	382
19	9	382
11	14	382
14	11	382
17	7	382
12	10	382
9	19	382
18	9	383
14	18	383
7	3	383
2	5	383
20	12	383
4	6	383
5	7	383
4	11	383
9	20	383
8	17	383
17	8	383
5	10	383
15	14	384
16	15	384
17	10	384
16	3	384
12	11	384
8	8	384
14	10	385
10	11	385
17	4	385
19	12	385
8	20	385
18	7	385
1	15	385
4	13	385
8	6	386
14	5	386
15	7	386
14	16	386
19	11	386
15	13	386
6	8	386
14	4	386
1	19	386
1	14	386
16	17	386
11	7	387
13	17	387
16	12	387
7	14	387
18	3	387
2	10	387
1	20	387
7	18	387
13	6	387
18	17	388
8	18	388
19	16	388
18	19	388
2	8	388
6	12	388
14	15	389
12	20	389
16	16	389
18	6	389
17	9	389
8	4	389
2	17	389
17	8	389
12	5	390
15	11	390
6	19	390
15	18	390
14	15	390
5	18	391
5	19	391
10	6	391
8	7	391
11	13	391
17	3	391
3	8	391
15	20	391
6	14	391
14	6	392
3	14	392
19	17	392
10	3	392
20	7	392
6	13	392
11	16	392
18	12	392
18	9	392
9	17	393
19	9	393
12	8	393
19	13	393
14	19	394
12	7	394
14	12	394
14	15	394
8	18	394
9	14	394
13	11	394
11	5	394
17	9	395
15	7	395
17	17	395
15	3	395
5	16	395
8	19	395
14	4	395
20	8	395
20	11	395
11	14	395
18	6	395
10	18	396
16	11	396
9	10	396
8	20	396
2	15	396
19	15	397
2	14	397
2	8	397
3	13	397
4	9	397
9	18	397
14	7	397
12	17	397
8	11	397
7	19	397
2	12	397
13	6	397
5	4	398
2	16	398
17	9	398
17	6	398
10	11	398
4	13	398
2	8	398
17	18	398
3	19	398
12	17	398
20	9	399
11	15	399
6	20	399
3	18	399
7	5	399
2	16	399
8	3	399
14	6	399
9	13	399
7	19	399
20	7	399
15	9	400
10	10	400
18	13	400
4	5	400
2	6	400
10	17	400
1	14	401
6	18	401
20	17	401
18	9	401
13	15	401
5	11	401
19	6	401
4	8	401
14	4	402
17	19	402
2	14	402
10	10	402
3	9	402
17	16	402
3	17	403
14	8	403
5	7	403
5	13	403
12	20	403
17	15	403
7	12	403
7	18	403
16	11	403
8	8	404
6	18	404
10	9	404
1	17	404
6	19	404
11	3	404
20	11	404
14	12	404
18	4	404
19	20	404
8	15	404
14	14	404
8	7	405
20	10	405
7	13	405
5	11	405
4	6	406
16	19	406
7	5	406
4	8	406
17	12	406
11	14	406
18	13	406
9	20	406
4	11	406
2	6	407
15	7	407
18	5	407
13	8	407
7	9	407
4	10	407
16	16	407
1	17	407
6	20	407
16	13	408
10	15	408
15	4	408
6	8	408
19	20	409
4	14	409
1	7	409
1	8	409
11	10	409
7	12	409
8	15	409
10	6	409
7	3	409
6	18	410
10	3	410
14	9	410
6	5	410
9	3	411
15	18	411
14	11	411
20	17	411
5	4	411
3	5	411
4	11	412
6	4	412
18	6	412
14	14	412
19	3	412
3	10	412
9	18	412
11	8	412
8	4	413
5	12	413
2	7	413
16	19	413
10	17	413
13	6	413
7	16	413
20	20	413
11	8	413
6	18	413
3	3	413
12	5	414
13	11	414
10	16	414
5	13	414
9	16	415
8	18	415
14	11	415
14	6	415
8	20	415
3	19	415
13	14	415
18	13	416
10	6	416
3	19	416
11	8	416
15	18	417
2	19	417
16	11	417
15	20	417
2	9	417
13	12	417
10	16	417
1	6	417
14	4	417
10	14	417
12	13	417
12	7	417
9	7	418
14	9	418
9	17	418
20	13	418
11	16	418
7	3	418
10	8	418
1	19	419
14	17	419
16	8	419
18	7	419
13	10	419
11	11	419
10	6	419
20	5	419
16	20	419
20	18	419
20	15	419
1	19	420
17	17	420
14	11	420
19	13	420
15	6	420
20	15	420
16	7	420
8	14	420
18	5	420
7	8	420
9	16	420
7	12	420
19	10	420
1	3	421
9	13	421
12	12	421
15	5	421
14	3	422
19	13	422
15	14	422
8	6	422
12	16	422
9	4	423
14	10	423
11	20	423
6	9	423
10	12	423
3	17	423
16	6	423
20	5	423
3	12	424
9	4	424
5	3	424
9	8	424
17	9	424
17	6	424
10	18	424
13	11	424
17	17	424
4	14	424
10	10	424
15	7	424
20	19	424
6	4	425
17	19	425
6	17	425
13	5	425
17	14	425
6	7	425
16	19	426
15	18	426
6	16	426
1	7	427
12	16	427
13	14	427
8	9	427
3	20	427
12	15	427
5	19	427
18	11	427
10	6	427
1	13	427
4	16	428
19	12	428
5	14	428
6	19	428
12	5	428
20	13	428
19	8	428
16	18	428
10	6	429
16	10	429
1	20	429
2	16	429
4	18	429
12	19	429
16	12	429
5	3	429
13	14	429
16	17	430
10	13	430
16	18	430
14	19	430
12	20	430
11	15	430
18	4	430
1	14	430
20	8	430
2	16	430
17	11	431
1	6	431
16	8	431
10	15	431
19	13	431
19	9	431
8	7	431
7	5	431
20	20	431
10	19	431
1	18	431
10	16	432
2	14	432
14	5	432
2	10	432
3	17	432
15	3	432
20	13	432
8	7	432
19	16	433
12	14	433
7	7	433
16	6	433
12	18	433
4	8	433
8	9	434
4	3	434
6	14	434
19	4	434
10	16	434
19	6	434
19	18	434
1	15	434
11	19	434
1	17	434
17	19	435
2	6	435
7	20	435
13	10	435
17	12	435
17	16	435
7	5	435
18	9	435
16	15	435
14	8	435
18	6	436
5	5	436
12	4	436
18	17	436
16	18	436
12	15	436
18	10	436
13	16	436
10	5	437
19	8	437
17	10	437
10	3	437
10	14	438
18	4	438
2	19	438
7	10	438
14	7	438
14	13	438
14	16	438
16	6	438
3	20	438
14	11	439
17	19	439
13	14	439
1	6	439
10	7	439
2	9	439
12	4	439
2	17	439
1	20	439
20	5	439
16	13	439
16	4	440
15	9	440
3	7	440
7	5	440
18	8	440
10	18	440
14	12	440
15	19	440
11	15	440
14	20	440
1	14	440
5	15	441
14	17	441
4	9	441
8	4	441
15	5	441
20	6	441
11	16	441
5	20	441
7	10	441
12	14	441
12	12	441
19	3	441
17	12	442
19	11	442
7	16	442
16	8	442
15	12	443
1	5	443
9	8	443
14	14	443
1	13	443
19	4	443
7	18	443
6	20	443
15	20	444
7	17	444
10	13	444
1	18	444
8	7	444
1	10	444
16	11	444
7	19	444
7	12	444
9	6	444
5	5	445
19	7	445
11	13	445
13	18	445
20	12	445
9	14	445
13	3	445
3	20	446
16	14	446
11	17	446
2	11	447
18	17	447
5	16	447
9	20	447
7	9	447
12	7	447
20	10	447
10	5	447
4	11	448
14	16	448
4	6	448
13	18	448
18	14	448
12	17	449
6	7	449
9	14	449
19	5	449
15	8	449
5	3	449
6	15	449
8	18	449
1	19	449
6	4	449
1	6	449
17	13	449
14	16	449
17	11	450
16	12	450
6	3	450
3	8	450
18	6	451
10	4	451
3	5	451
16	10	451
9	9	451
18	17	451
6	7	451
14	11	451
17	8	451
1	16	451
8	11	452
19	3	452
13	10	452
20	15	452
2	14	452
20	7	452
13	8	452
4	9	452
14	6	452
18	18	452
3	20	452
14	13	452
10	17	452
7	4	452
11	19	452
16	18	453
20	5	453
4	11	453
13	12	453
19	3	453
7	4	453
3	14	453
10	16	453
1	19	453
20	13	454
1	5	454
10	12	454
19	4	454
13	18	454
2	8	454
4	19	454
15	15	454
19	20	454
13	14	454
6	11	454
14	7	454
12	17	455
14	14	455
5	5	455
2	7	455
8	16	455
13	11	455
15	4	455
3	10	455
17	9	455
13	18	455
8	3	455
6	19	455
8	19	456
8	18	456
2	7	456
19	3	456
9	9	456
17	12	456
2	16	456
1	9	457
17	6	457
1	8	457
2	18	457
12	11	457
9	14	457
1	4	457
19	5	457
12	16	457
20	15	457
2	12	457
19	10	457
12	17	457
19	17	458
8	16	458
5	8	458
3	10	458
18	15	458
10	7	458
13	8	459
2	15	459
15	7	459
2	4	459
18	14	459
5	12	459
6	18	459
12	17	460
17	13	460
1	12	460
1	3	460
15	14	460
19	4	460
20	7	461
20	16	461
7	10	461
4	3	461
6	18	461
1	9	461
7	14	461
20	4	462
9	19	462
3	15	462
12	16	462
19	20	462
16	10	462
5	12	462
14	3	462
18	20	463
3	13	463
9	19	463
14	8	463
20	12	464
16	13	464
8	16	464
11	8	464
4	17	464
11	10	464
10	5	464
15	18	464
13	12	465
16	4	465
9	8	465
11	19	465
11	3	465
15	13	466
16	3	466
18	8	466
14	18	466
15	12	466
10	7	466
11	11	466
14	10	466
13	6	466
4	14	466
8	8	467
19	9	467
12	14	467
9	10	467
14	16	467
6	18	467
16	7	467
19	13	467
6	5	467
7	20	468
13	9	468
1	12	468
4	16	468
20	13	468
3	8	468
15	15	468
14	3	468
9	14	469
20	9	469
15	16	469
14	5	470
3	13	470
14	7	470
11	19	470
14	17	470
20	18	470
4	16	470
7	11	470
11	4	470
12	15	470
2	14	471
4	8	471
10	17	471
11	9	471
4	6	471
8	15	471
2	5	471
2	7	471
19	10	471
6	12	471
7	4	471
20	20	471
5	16	472
3	8	472
5	12	472
17	19	472
14	18	472
13	15	472
19	5	472
15	9	472
3	17	472
8	14	473
14	20	473
19	13	473
20	9	473
18	18	473
12	19	473
9	10	473
17	6	473
17	11	473
19	8	473
20	16	473
12	7	473
14	17	474
18	20	474
14	11	474
16	6	474
15	12	474
10	4	474
11	3	474
4	9	474
20	16	474
10	10	475
20	16	475
15	12	475
19	20	475
10	11	475
1	3	475
3	17	475
8	19	476
9	15	476
11	20	476
18	12	476
13	18	476
3	7	476
5	16	476
19	11	476
10	15	477
5	17	477
17	10	477
7	13	477
14	9	477
5	12	477
12	14	477
12	3	477
10	5	477
8	19	477
19	18	477
16	8	477
2	12	478
7	13	478
17	3	478
8	5	478
17	20	478
20	10	478
5	19	478
8	5	479
14	16	479
12	11	479
5	14	479
13	15	479
8	13	479
13	12	479
3	6	479
9	3	479
2	7	479
16	17	479
10	7	480
18	13	480
9	16	480
20	20	480
9	4	480
5	6	480
3	14	480
16	17	480
8	5	480
16	10	480
3	18	480
2	9	480
18	19	480
4	15	480
3	3	480
18	9	481
13	10	481
16	5	481
20	15	481
10	8	481
10	19	481
10	4	481
18	16	481
9	18	481
9	17	481
16	11	481
2	13	481
18	7	481
13	15	482
17	6	482
20	13	482
1	19	482
7	4	482
15	7	482
1	16	482
15	18	482
17	20	482
5	3	482
6	9	482
12	19	483
19	11	483
19	9	483
18	4	483
15	13	483
19	6	483
10	14	483
12	10	483
20	7	483
18	20	483
12	16	484
7	18	484
9	20	484
5	12	484
14	8	484
11	13	484
14	19	484
13	9	484
18	14	484
11	4	484
11	3	484
2	17	484
14	7	484
16	6	484
20	18	485
18	9	485
6	8	485
16	4	485
4	17	485
4	14	485
10	7	485
11	6	485
11	4	486
9	17	486
5	9	486
13	18	486
18	12	486
14	19	486
5	14	487
17	16	487
14	3	487
19	15	487
12	8	487
1	19	487
2	4	487
14	7	488
2	17	488
9	12	488
4	8	488
9	4	488
12	6	488
17	13	488
4	5	488
15	20	488
8	14	488
16	10	489
9	15	489
5	3	489
19	8	489
11	4	489
10	18	489
8	12	490
8	8	490
15	9	490
14	13	490
12	6	491
9	13	491
4	20	491
4	15	491
15	9	491
1	11	491
17	3	491
16	19	491
12	7	491
14	8	491
1	10	491
15	4	491
13	13	492
12	14	492
13	4	492
1	7	492
18	15	492
8	19	492
20	10	492
13	12	492
17	20	492
4	5	492
8	6	492
1	17	492
16	13	493
16	4	493
1	5	493
7	8	493
13	19	493
2	14	493
17	12	493
12	18	493
10	16	493
13	15	494
17	10	494
17	6	494
16	5	494
16	5	495
19	15	495
5	4	495
3	16	495
17	10	495
4	6	495
14	7	495
20	8	495
10	20	495
16	19	495
10	8	496
9	7	496
19	16	496
5	6	496
8	13	496
6	18	496
15	11	497
13	9	497
10	12	497
1	6	497
10	17	498
16	11	498
12	3	498
8	6	498
13	9	498
5	19	498
18	8	498
5	10	498
6	13	498
12	20	498
6	5	498
2	7	498
10	13	499
6	17	499
18	7	499
4	8	499
15	16	499
18	11	499
4	10	500
14	4	500
18	11	500
16	13	500
19	12	501
11	3	501
10	13	501
7	16	501
9	18	501
14	14	501
17	20	501
3	7	501
3	19	501
20	4	501
16	10	501
9	18	502
13	15	502
1	16	502
4	12	502
6	17	502
13	10	502
11	3	502
7	7	502
12	7	503
7	20	503
1	19	503
8	9	503
15	3	503
15	12	503
17	6	503
17	8	503
8	13	503
13	17	503
11	18	503
19	14	503
14	4	503
14	13	504
15	20	504
12	18	504
17	15	504
6	17	504
16	8	504
5	5	504
14	19	504
18	3	504
2	9	504
12	4	504
3	6	504
16	7	504
12	17	505
8	20	505
2	9	505
19	12	505
2	15	506
9	16	506
5	10	506
3	17	506
14	7	506
8	8	506
8	20	506
12	19	506
10	18	506
11	6	506
12	13	506
12	12	507
7	17	507
3	20	507
11	5	507
12	9	508
12	5	508
11	8	508
19	14	508
5	3	508
12	12	508
13	13	508
17	17	508
7	19	508
8	18	508
19	6	508
2	5	509
15	8	509
17	20	509
14	16	510
12	10	510
8	11	510
3	4	510
20	12	510
19	14	510
7	15	510
5	17	510
14	13	510
9	5	511
15	4	511
18	15	511
15	10	511
2	8	511
1	14	511
17	7	511
6	12	511
17	13	511
11	11	511
1	11	512
19	10	512
6	8	512
4	19	512
11	20	512
7	5	512
13	15	512
9	9	512
7	14	512
7	11	513
14	9	513
19	7	513
16	20	513
6	13	513
1	3	513
4	15	513
1	19	513
14	8	513
12	18	513
6	14	513
19	10	513
11	12	513
9	8	514
12	20	514
19	7	514
7	5	514
17	13	514
17	10	515
9	19	515
4	15	515
11	14	515
8	20	516
18	5	516
19	4	516
7	16	516
8	18	516
3	10	516
20	3	516
14	12	516
6	10	517
19	12	517
1	18	517
7	20	517
10	5	517
12	4	517
19	14	517
19	9	517
6	6	517
6	15	518
4	8	518
2	19	518
14	18	518
7	9	518
15	4	518
12	17	518
8	11	518
16	4	519
5	10	519
19	17	519
14	6	519
16	16	519
11	12	519
11	5	519
9	9	520
17	19	520
9	15	520
13	20	520
19	17	520
14	13	520
7	14	520
4	6	520
15	16	520
16	3	520
9	12	520
6	15	521
10	5	521
19	7	521
12	18	521
9	3	521
6	8	521
10	14	521
14	6	521
2	13	521
13	17	521
20	9	521
17	13	522
10	4	522
14	3	522
20	8	522
2	10	522
15	17	522
4	9	522
20	5	522
14	7	522
20	12	522
8	19	522
16	6	522
5	5	523
1	9	523
5	17	523
2	19	523
18	13	523
19	15	523
15	3	523
9	8	523
2	14	523
19	15	524
11	6	524
14	12	524
13	19	524
9	14	524
20	6	525
16	10	525
3	7	525
10	15	525
8	4	525
15	12	525
9	3	525
6	20	525
16	9	525
12	17	525
11	9	526
7	12	526
4	20	526
8	15	526
3	7	526
5	13	526
4	8	526
5	5	526
12	19	526
11	3	526
7	7	527
9	13	527
14	9	527
13	6	527
8	15	527
5	16	527
2	14	527
1	20	527
7	11	528
8	10	528
12	15	528
18	18	528
19	9	528
6	6	528
18	5	528
18	13	528
20	19	528
6	3	528
2	4	528
18	8	528
18	18	529
13	11	529
16	17	529
20	7	529
18	5	529
1	15	529
7	12	529
12	4	529
1	10	529
13	13	529
5	7	530
10	9	530
8	5	530
8	15	530
13	3	531
19	12	531
4	16	531
8	6	531
1	8	531
3	14	531
5	13	531
16	19	531
12	13	532
5	20	532
5	19	532
16	5	532
13	4	532
7	9	532
4	7	532
11	18	532
18	15	532
13	8	532
18	10	532
3	16	532
17	6	532
13	8	533
9	19	533
19	10	533
8	15	533
7	18	533
15	17	533
19	14	533
15	12	533
12	5	533
12	11	533
3	4	533
15	9	533
3	20	533
5	13	534
2	3	534
14	18	534
9	11	534
5	4	534
18	10	534
20	19	534
2	12	534
6	9	534
18	14	534
5	16	534
17	8	534
4	20	534
9	15	534
17	11	535
20	8	535
6	17	535
15	16	535
2	7	535
19	15	535
9	3	535
13	14	535
9	9	535
7	17	536
3	19	536
1	5	536
10	12	536
1	7	536
10	14	536
3	10	536
16	13	536
5	15	536
4	9	536
3	8	536
2	4	536
12	20	536
20	11	537
7	15	537
5	4	537
13	10	537
8	3	537
9	5	537
20	9	537
11	7	538
4	15	538
20	12	538
16	4	538
19	17	538
18	10	538
20	5	538
16	3	538
8	8	538
5	20	538
17	9	538
19	6	538
2	13	538
8	11	538
4	3	539
11	13	539
5	17	539
8	11	539
1	4	539
8	20	539
17	3	540
1	18	540
11	19	540
6	12	540
7	15	540
14	4	540
20	17	540
19	9	540
10	11	540
10	7	540
7	6	540
20	20	540
18	14	541
9	8	541
11	18	541
16	9	541
19	10	541
18	15	541
15	6	541
11	12	541
12	16	541
8	5	541
3	13	541
12	20	541
14	17	541
12	11	541
1	18	542
9	14	542
19	5	542
6	19	542
2	4	542
17	3	542
4	17	542
17	6	543
3	16	543
13	11	543
17	5	543
10	8	544
3	17	544
2	15	544
7	19	544
5	20	544
8	9	545
1	20	545
2	14	545
8	13	545
13	5	545
15	15	545
15	16	545
5	19	545
1	4	545
3	12	545
12	11	545
18	16	546
2	20	546
1	17	546
18	14	546
13	5	546
17	3	546
19	7	546
12	12	546
5	6	546
4	11	546
12	8	546
17	18	546
13	19	546
3	9	546
17	4	547
16	12	547
14	14	547
7	11	547
7	15	547
11	7	547
7	13	548
4	17	548
11	6	548
16	14	548
7	15	548
17	18	548
18	11	548
19	16	548
19	7	548
16	12	548
11	19	548
4	20	548
9	6	549
4	20	549
2	8	549
17	17	549
12	7	549
12	18	549
2	12	550
3	20	550
1	18	550
1	17	550
7	4	550
8	10	550
11	13	550
16	7	550
7	15	551
7	16	551
20	8	551
16	17	551
8	4	551
17	13	551
8	20	551
14	19	551
1	12	551
18	16	552
9	20	552
19	13	552
19	9	552
19	15	552
10	12	552
8	7	552
3	17	553
17	10	553
18	18	553
2	20	553
13	16	553
20	6	553
12	11	553
14	8	554
7	15	554
3	9	554
11	13	554
20	20	554
20	5	554
18	16	554
4	4	554
5	5	555
13	15	555
2	17	555
10	18	555
18	6	556
9	13	556
17	18	556
6	11	556
15	9	556
20	3	556
18	12	556
17	14	556
16	17	556
2	15	556
9	20	556
16	5	556
2	16	556
1	8	556
4	12	557
6	20	557
15	10	557
20	3	557
19	5	557
14	12	558
14	10	558
19	9	558
18	20	558
7	15	558
19	17	559
8	6	559
3	11	559
1	8	559
12	4	559
3	15	560
5	8	560
17	13	560
17	14	560
6	20	560
8	6	560
6	16	560
11	3	560
15	11	560
14	9	560
2	6	561
1	4	561
13	18	561
4	8	561
9	8	562
16	20	562
17	12	562
3	11	562
20	6	562
1	7	562
20	19	562
17	13	562
1	9	562
3	10	562
4	5	562
12	14	562
11	12	563
17	17	563
8	13	563
3	15	563
9	14	563
7	16	563
1	7	563
19	3	564
17	16	564
2	14	564
3	7	564
11	15	564
13	19	564
1	16	565
16	9	565
10	18	565
14	11	566
20	7	566
10	13	566
12	6	566
12	4	566
10	12	566
18	16	566
9	15	567
10	3	567
2	8	567
5	12	567
7	7	567
20	11	567
7	13	567
13	18	567
5	5	567
6	9	567
15	17	567
6	6	567
19	10	567
16	3	568
18	9	568
11	14	568
14	12	568
13	15	568
8	17	568
1	7	568
14	10	568
18	20	568
16	11	568
13	6	568
4	17	569
1	6	569
4	19	569
8	10	569
17	13	569
13	3	569
8	15	570
4	5	570
12	10	570
11	4	570
11	3	570
1	17	570
4	20	570
2	11	570
11	6	570
3	12	570
18	16	570
2	7	571
18	20	571
9	13	571
14	3	571
8	16	571
12	5	571
10	9	571
1	19	571
20	15	571
12	17	571
13	11	571
5	4	571
11	19	572
8	11	572
14	6	572
9	20	572
17	17	572
14	10	572
9	3	572
12	14	572
10	9	572
17	7	572
17	16	573
5	20	573
19	12	573
10	10	573
9	4	573
19	11	573
11	14	573
18	6	573
1	19	573
14	15	573
15	9	573
20	17	573
18	5	573
16	11	574
18	19	574
18	4	574
18	16	574
20	6	574
3	18	574
20	9	574
8	15	574
14	5	574
4	10	574
17	14	574
15	12	574
13	7	575
19	16	575
7	19	575
18	15	575
1	9	575
20	17	575
19	18	575
2	14	575
10	5	575
14	11	575
1	20	575
2	10	575
8	14	576
5	18	576
18	13	576
6	5	576
15	16	577
5	20	577
6	19	577
9	12	577
9	10	577
6	17	577
7	4	577
7	14	577
16	13	577
15	15	578
2	5	578
9	9	578
18	7	578
4	12	578
16	4	578
1	11	578
18	19	578
20	18	578
13	17	578
20	13	579
10	7	579
19	15	579
2	3	579
14	20	579
7	14	579
11	8	579
9	11	579
5	17	580
18	4	580
9	11	580
16	7	580
12	3	580
15	19	580
13	5	580
17	13	580
6	10	580
1	12	580
7	16	580
12	17	581
20	5	581
12	11	581
3	9	581
2	18	581
15	7	581
11	16	581
19	15	581
3	8	582
2	4	582
11	13	582
10	11	582
17	12	582
20	3	582
20	14	582
1	7	582
17	19	582
2	10	582
8	5	582
17	18	582
17	4	583
14	7	583
6	12	583
3	13	583
17	9	583
17	14	583
2	17	583
14	18	584
20	6	584
19	12	584
12	10	584
10	19	584
16	14	584
2	20	584
2	11	584
10	4	585
12	11	585
9	5	585
19	14	585
16	3	586
18	4	586
18	20	586
2	6	586
5	19	586
9	17	586
3	15	586
9	16	586
14	5	586
10	18	586
4	17	587
18	11	587
10	6	587
10	5	587
18	9	587
15	7	587
3	14	587
14	19	587
5	12	587
18	10	587
5	15	587
4	18	588
11	20	588
12	5	588
13	4	588
7	17	588
11	8	588
14	10	588
18	6	588
14	8	589
20	7	589
17	4	589
12	16	589
18	6	589
12	18	589
1	15	590
8	17	590
7	13	590
4	20	590
13	9	590
7	3	590
13	6	590
12	14	590
9	12	590
19	10	590
7	4	590
14	7	590
12	11	590
9	9	591
14	7	591
4	8	591
20	20	591
18	19	591
16	13	591
18	10	591
8	17	591
16	6	592
17	11	592
19	8	592
17	18	592
20	4	592
19	13	592
1	3	592
4	14	592
20	10	592
11	19	592
16	6	593
11	13	593
16	5	593
10	15	593
6	7	593
7	8	593
5	3	593
13	9	593
17	20	593
19	12	594
6	6	594
18	14	594
20	8	594
18	10	594
11	11	594
4	19	594
1	9	594
11	17	594
5	16	594
13	4	595
2	18	595
15	10	595
1	20	595
1	19	595
16	3	595
7	8	595
4	9	595
1	14	595
3	16	595
6	5	595
1	11	595
11	7	595
11	19	596
18	9	596
12	14	596
11	18	596
10	16	596
13	10	596
6	8	596
14	17	596
18	7	596
18	6	596
14	4	596
17	19	597
16	17	597
17	14	597
19	9	597
3	16	597
3	20	597
13	18	597
12	10	597
15	19	598
17	10	598
15	18	598
9	7	598
7	20	598
11	12	598
4	15	598
12	16	598
9	5	598
16	3	598
20	8	598
10	11	598
5	9	598
4	17	599
1	12	599
16	6	599
20	13	599
4	7	599
10	5	599
8	8	599
11	3	600
10	7	600
14	15	600
5	8	600
8	20	600
12	9	600
12	10	601
15	17	601
10	12	601
5	6	601
13	3	601
15	13	601
11	19	601
3	11	601
10	18	601
8	14	601
15	7	601
19	17	602
8	8	602
2	3	602
9	14	602
20	18	602
11	4	602
14	10	603
17	14	603
20	11	603
16	18	603
11	20	603
9	7	603
20	8	603
12	6	603
3	13	603
4	5	603
4	16	603
15	19	603
7	16	604
11	10	604
3	6	604
1	7	604
3	14	604
8	11	604
12	15	604
9	19	604
5	13	604
1	3	604
1	5	604
20	16	605
19	9	605
13	19	605
20	11	605
18	17	605
12	6	606
13	12	606
15	7	606
19	11	606
18	9	606
20	13	606
6	20	606
17	5	606
9	17	607
4	6	607
5	8	607
1	18	607
17	20	607
4	5	607
20	13	607
7	10	607
1	3	607
9	12	607
15	15	608
16	14	608
17	5	608
6	18	608
19	20	608
2	10	608
9	13	608
8	8	608
19	17	608
19	16	608
3	16	609
14	10	609
4	15	609
16	12	609
7	7	609
1	6	609
15	6	610
7	5	610
1	4	610
11	16	610
9	12	610
12	15	611
12	20	611
8	19	611
2	13	611
1	5	611
17	9	611
17	17	611
6	3	611
19	6	611
4	7	611
4	3	612
16	17	612
1	5	612
19	6	612
20	10	612
4	4	612
16	18	612
7	8	612
1	8	613
13	17	613
9	15	613
6	9	613
17	4	613
16	16	613
6	18	613
10	11	613
3	12	614
18	4	614
11	11	614
17	6	614
19	3	614
11	18	614
19	16	614
20	20	614
3	8	614
2	3	615
16	4	615
18	11	615
12	20	615
16	15	615
5	16	615
13	7	615
14	10	615
7	8	616
18	18	616
18	15	616
14	3	616
4	11	616
20	13	616
8	14	616
20	17	617
3	5	617
10	19	617
2	20	617
11	14	617
16	7	617
1	13	617
4	8	617
17	12	617
6	9	617
15	4	617
12	5	618
18	10	618
15	7	618
12	8	618
4	11	618
9	20	618
10	10	619
5	18	619
12	14	619
3	11	619
4	6	620
11	19	620
11	15	620
20	14	620
1	12	620
8	20	620
8	16	620
17	12	621
9	7	621
14	13	621
8	8	622
15	5	622
12	9	622
17	4	622
13	11	622
6	14	622
8	16	622
17	7	622
15	15	622
9	19	622
5	13	622
9	5	623
18	9	623
13	11	623
6	19	623
9	16	623
17	4	623
14	13	623
13	8	623
1	6	624
12	8	624
20	9	624
15	10	624
19	17	624
4	13	624
10	19	624
6	7	624
5	3	624
9	14	624
3	5	624
13	20	624
9	18	624
5	4	625
15	20	625
10	3	625
10	7	625
20	10	625
19	8	625
10	11	625
11	19	625
15	17	625
7	14	626
2	4	626
7	20	626
20	8	626
16	9	626
19	5	626
11	19	626
18	3	627
1	8	627
18	9	627
12	5	627
8	16	627
7	15	627
15	19	627
18	11	627
7	13	628
1	6	628
20	8	628
7	15	628
9	18	628
5	3	628
14	20	628
16	14	628
19	9	628
11	19	628
19	16	628
2	11	629
5	15	629
2	7	629
10	6	629
2	12	629
3	14	629
1	3	629
3	13	629
1	14	630
20	16	630
18	4	630
5	15	630
18	6	630
19	18	630
15	12	630
10	9	631
16	15	631
9	20	631
14	14	631
2	6	631
1	12	631
18	14	632
11	7	632
14	4	632
16	18	632
2	12	632
5	20	632
6	11	632
11	10	632
10	5	632
13	14	633
6	10	633
11	9	633
11	11	633
5	8	633
19	19	633
17	7	633
19	3	633
8	6	633
17	5	633
7	15	633
19	13	633
7	9	634
9	6	634
15	20	634
8	7	634
9	14	634
6	4	634
18	19	634
2	17	634
16	3	634
14	13	634
10	8	635
11	11	635
1	13	635
20	16	635
17	18	635
3	19	635
19	10	635
5	4	635
20	3	636
13	17	636
11	10	636
5	15	636
6	18	636
7	20	636
19	5	636
19	8	636
17	7	636
4	14	636
15	12	636
8	17	637
14	7	637
5	3	637
5	6	637
20	4	637
13	8	637
15	20	637
20	15	637
14	14	637
3	12	638
11	16	638
2	5	638
16	10	638
1	17	638
9	11	638
5	6	638
19	4	638
11	14	639
1	3	639
5	10	639
7	9	639
13	3	640
18	4	640
14	9	640
3	13	640
20	5	640
8	6	640
19	16	640
15	15	640
14	16	641
14	8	641
16	9	641
1	10	641
2	6	641
6	17	641
5	4	641
4	14	641
14	3	642
3	5	642
13	18	642
10	6	642
20	20	642
4	4	642
4	8	642
11	13	642
5	7	642
10	14	642
14	15	642
17	10	642
9	19	642
10	3	643
3	6	643
6	16	643
7	14	643
18	8	643
9	17	643
12	13	643
16	9	643
18	13	644
8	16	644
2	19	644
16	8	644
14	12	644
20	17	644
3	20	644
5	9	644
13	7	644
5	18	644
19	12	645
18	3	645
14	8	645
4	3	646
9	15	646
7	20	646
4	5	646
2	13	646
3	10	646
3	11	646
8	17	646
15	12	646
16	19	646
19	9	646
4	6	646
16	7	647
1	18	647
11	12	647
10	6	647
14	19	647
12	4	647
14	14	647
18	5	647
9	15	647
1	3	647
11	6	648
19	7	648
7	8	648
5	4	648
19	4	649
7	17	649
12	13	649
19	8	649
1	20	649
10	11	649
6	14	649
2	5	649
4	19	649
9	18	649
5	20	650
17	11	650
5	5	650
4	18	650
8	13	650
16	8	650
4	17	650
6	20	651
8	5	651
8	17	651
8	11	651
3	13	651
7	7	651
15	8	651
6	15	652
5	17	652
6	11	652
18	13	652
6	19	652
1	4	652
5	7	652
16	6	652
11	18	652
17	8	652
1	14	652
5	10	652
2	9	653
6	12	653
9	5	653
3	19	653
9	6	653
4	8	653
2	14	653
2	3	653
18	17	653
12	10	653
12	16	654
20	11	654
6	3	654
13	14	654
1	9	654
15	17	654
2	7	654
2	6	654
5	12	654
17	8	654
4	18	654
13	19	655
18	17	655
11	16	655
9	13	655
15	14	655
7	3	655
1	18	655
6	12	655
20	8	656
2	15	656
2	9	656
1	16	656
16	12	656
4	4	656
20	20	656
16	4	657
18	17	657
14	3	657
1	6	657
16	18	658
19	10	658
1	19	658
1	8	658
17	4	658
8	3	658
20	5	658
8	16	658
14	20	658
7	12	658
6	13	658
2	10	659
9	20	659
6	5	659
7	19	659
3	10	660
10	14	660
17	5	660
16	12	660
9	13	660
11	11	660
7	17	660
10	4	660
10	8	660
12	7	660
13	9	660
13	16	660
11	18	660
12	17	661
17	16	661
12	12	661
13	18	661
2	4	661
13	15	661
12	10	661
19	8	661
17	6	661
13	11	661
17	9	661
7	19	661
12	5	662
13	6	662
10	10	662
16	19	662
15	18	662
4	15	662
12	8	662
1	16	662
4	9	662
15	17	662
19	13	662
15	7	662
10	20	663
6	9	663
1	4	663
2	5	663
16	12	663
6	7	663
5	17	663
9	6	663
14	14	663
9	15	663
7	13	663
3	16	663
3	3	663
3	19	663
18	13	664
20	3	664
16	17	664
5	16	664
15	6	664
12	12	664
18	5	665
10	8	665
17	11	665
9	13	665
8	18	665
18	10	665
11	3	665
14	4	665
8	9	665
17	15	666
11	8	666
18	18	666
10	7	666
10	12	666
12	19	666
10	9	666
3	20	666
7	9	667
16	3	667
15	6	667
10	4	667
19	14	667
11	12	667
17	11	667
20	8	667
2	10	667
12	5	667
14	13	668
14	16	668
20	9	668
10	11	668
10	15	668
13	16	669
8	5	669
6	14	669
10	13	669
20	15	669
19	12	670
20	9	670
19	8	670
17	16	670
16	11	670
14	4	670
20	18	670
5	6	670
17	9	671
4	14	671
16	18	671
20	8	671
17	19	671
15	16	671
20	5	671
6	13	671
18	6	671
4	10	671
2	4	671
3	3	671
11	15	671
3	12	671
9	14	672
18	3	672
14	12	672
11	19	672
7	20	672
1	10	672
10	5	672
19	15	672
10	13	672
18	9	672
6	19	673
5	3	673
17	18	673
13	6	673
4	8	673
2	9	673
8	12	673
14	10	673
13	15	673
9	20	673
10	17	673
5	13	673
19	5	674
12	6	674
14	12	674
4	9	674
11	17	674
12	7	674
20	10	674
14	16	674
13	13	674
15	4	674
17	14	674
15	17	675
5	4	675
13	10	675
13	12	675
2	8	675
16	3	675
15	9	676
7	10	676
13	19	676
8	5	676
3	8	676
19	6	676
13	14	676
10	13	676
5	3	676
3	17	676
11	17	677
18	8	677
15	3	677
8	6	677
7	12	677
19	18	677
10	12	678
17	20	678
10	18	678
14	5	678
15	18	679
18	16	679
19	17	679
14	15	679
10	9	679
19	14	679
11	13	679
8	3	679
8	4	679
14	19	679
20	20	679
16	6	679
16	17	680
2	10	680
10	15	680
6	7	680
20	5	680
5	11	680
11	8	680
11	14	680
19	4	680
5	13	680
1	5	681
8	4	681
7	7	681
11	11	681
13	19	681
18	12	681
2	14	681
4	6	681
1	15	681
7	20	682
14	11	682
19	9	682
7	10	683
19	17	683
13	3	683
20	15	683
6	13	683
11	8	683
20	15	684
10	19	684
14	9	684
8	18	684
6	12	684
11	14	684
8	20	684
5	13	684
18	5	684
2	16	684
11	11	684
5	8	684
14	14	685
5	4	685
6	18	685
19	11	685
10	10	686
8	12	686
4	20	686
11	15	686
1	17	686
20	11	686
7	9	686
14	3	686
13	6	686
3	5	686
17	13	687
14	8	687
6	6	687
13	12	687
10	14	687
6	18	687
16	19	687
7	5	687
12	6	688
13	18	688
1	10	688
17	17	688
13	11	689
16	8	689
15	9	689
13	13	689
6	18	689
12	10	689
18	3	689
4	17	689
11	16	689
4	14	689
13	11	690
15	9	690
13	13	690
1	4	690
11	7	691
5	9	691
6	6	691
13	19	691
8	12	691
10	15	691
4	5	691
7	8	691
6	16	691
11	10	691
17	11	691
16	4	691
14	17	692
11	10	692
7	6	692
17	12	692
18	4	692
15	7	692
14	16	692
7	19	692
16	15	692
6	8	693
5	7	693
1	4	693
7	15	693
8	12	693
6	5	693
9	10	693
19	14	693
13	4	694
2	15	694
9	20	694
14	18	694
20	17	694
4	5	694
13	8	694
16	7	694
7	6	694
12	12	694
10	10	694
3	9	694
1	9	695
2	20	695
20	8	695
5	19	695
6	10	695
2	13	695
14	17	695
20	6	695
4	8	696
18	15	696
15	4	696
11	20	696
18	19	696
15	17	696
1	13	697
16	9	697
7	17	697
17	3	697
3	10	697
20	6	698
15	11	698
1	9	698
4	4	698
5	7	698
16	12	698
13	3	698
4	20	698
6	19	698
14	13	698
16	14	698
9	8	698
9	15	698
20	16	698
20	7	699
16	17	699
11	8	699
10	9	699
10	4	699
16	19	699
19	10	699
3	12	699
11	11	699
18	20	699
19	5	699
3	4	700
2	13	700
13	17	700
6	12	700
4	5	700
12	16	700
9	19	700
15	18	700
7	5	701
14	7	701
18	4	701
14	11	701
2	14	701
9	18	701
20	20	701
19	15	701
18	12	701
9	13	701
5	10	701
11	4	702
7	14	702
15	10	702
13	5	702
9	7	702
6	17	702
13	18	702
10	3	702
8	20	702
2	12	702
9	15	702
9	7	703
4	10	703
4	17	703
9	15	703
14	19	703
16	11	703
18	20	703
14	4	703
18	6	703
5	13	703
20	18	703
12	16	704
17	17	704
11	10	704
7	20	704
11	12	704
14	11	704
8	8	704
12	3	704
4	20	705
19	15	705
6	3	705
13	18	705
15	11	705
6	4	705
7	13	705
4	20	706
13	10	706
6	3	706
9	18	706
2	16	706
4	17	706
14	11	706
3	19	706
5	7	706
12	5	706
9	14	706
18	9	706
14	15	707
6	13	707
7	19	707
19	7	707
19	11	707
18	16	707
7	10	707
10	20	708
4	4	708
17	9	708
18	3	708
1	15	708
18	19	708
2	10	709
6	20	709
5	8	709
10	15	709
5	9	709
16	13	709
19	5	709
8	14	709
18	16	709
12	6	709
20	17	709
3	13	710
9	16	710
19	18	710
15	20	710
10	5	710
10	4	710
9	19	710
11	10	710
10	11	710
3	9	710
6	17	710
11	5	711
20	18	711
9	13	711
16	7	711
15	6	712
13	15	712
5	13	712
17	14	712
1	5	712
5	16	712
2	20	713
18	12	713
5	9	713
12	7	713
13	6	713
12	8	713
2	4	713
11	14	713
9	6	714
13	10	714
10	19	714
10	5	714
9	9	714
6	12	714
1	11	714
16	17	714
13	7	714
1	14	714
10	13	714
18	6	715
5	18	715
8	5	715
17	9	715
19	13	715
1	11	715
6	17	715
8	13	716
2	6	716
10	7	716
20	8	716
4	9	717
4	17	717
3	19	717
20	6	717
14	4	717
19	13	717
16	12	717
7	20	717
15	18	717
6	7	717
9	11	717
11	15	718
13	8	718
8	14	718
9	12	718
16	7	718
7	13	719
9	8	719
1	9	719
11	5	719
4	3	719
19	12	719
4	7	719
7	19	720
18	10	720
15	12	720
9	8	720
1	14	720
4	17	720
2	16	720
1	9	720
19	15	720
1	18	721
9	19	721
16	10	721
8	4	721
13	7	721
9	17	721
16	13	721
18	12	721
10	16	721
15	14	721
5	9	721
11	11	721
1	7	722
8	11	722
9	5	722
15	12	722
2	18	722
1	3	722
1	17	722
5	8	722
20	15	722
10	17	723
7	8	723
13	5	723
6	10	723
18	7	723
11	14	723
2	15	723
16	3	723
13	13	724
2	8	724
19	11	724
5	6	724
2	14	724
14	10	724
11	17	724
18	13	725
12	18	725
10	10	725
17	19	725
14	6	725
7	8	725
11	14	725
9	15	725
17	7	725
17	5	725
3	17	725
13	11	725
1	16	725
17	15	726
15	9	726
17	5	726
16	18	726
4	20	726
3	3	726
19	17	726
20	11	726
15	8	727
8	10	727
1	6	727
8	16	727
13	17	727
14	14	727
10	9	727
7	13	727
7	20	727
16	5	727
12	15	728
9	14	728
12	7	728
18	19	728
4	13	728
8	11	728
2	3	729
8	16	729
3	15	729
6	14	729
20	8	729
16	5	729
14	4	729
20	18	729
19	14	730
3	8	730
16	3	730
13	4	730
15	10	730
11	12	730
13	15	730
5	17	730
7	9	730
15	4	731
18	11	731
10	7	731
17	18	731
18	15	731
16	6	731
10	3	731
10	11	732
5	9	732
13	17	732
6	18	732
4	18	733
4	7	733
2	20	733
10	8	733
2	15	733
13	19	733
17	13	733
14	12	733
15	11	733
17	3	734
7	17	734
14	13	734
4	6	734
17	18	734
5	11	734
14	19	734
12	10	734
12	4	734
6	15	734
20	9	734
12	16	734
20	15	735
2	7	735
11	18	735
18	14	735
4	13	735
12	10	735
14	4	735
14	3	735
20	16	735
13	5	735
17	4	736
11	3	736
7	18	736
2	12	736
20	14	736
5	13	736
10	16	736
10	5	736
20	7	737
3	4	737
3	12	737
10	5	737
16	8	737
7	19	737
1	6	737
10	14	737
9	20	737
15	15	737
6	20	738
17	18	738
14	13	738
8	11	738
10	14	738
18	10	738
5	19	739
2	5	739
8	18	739
18	4	739
10	14	739
14	13	739
7	17	739
2	11	739
3	9	739
9	3	739
14	7	739
17	12	739
19	15	739
15	6	739
8	16	740
14	11	740
3	18	740
10	12	740
16	8	740
19	4	740
1	10	740
12	14	740
18	19	740
10	6	740
18	9	740
1	9	741
6	20	741
6	5	741
12	16	741
12	11	741
8	18	741
20	17	741
10	8	741
6	10	741
16	4	741
18	14	741
19	7	741
5	19	741
1	6	742
19	17	742
14	9	742
11	15	742
9	7	742
9	18	742
18	11	742
4	13	742
20	4	742
17	10	742
4	12	742
19	16	742
20	14	742
18	14	743
1	6	743
8	17	743
15	4	743
15	18	743
9	5	743
19	11	743
1	15	743
10	16	743
20	10	743
11	13	743
4	8	743
18	7	743
2	19	744
20	10	744
10	4	744
12	5	744
4	9	744
20	12	744
10	16	744
15	13	744
12	18	744
10	8	745
14	19	745
14	13	745
15	3	745
10	20	745
12	11	745
12	12	745
12	4	745
20	15	745
10	17	745
18	14	745
9	6	745
7	8	746
19	3	746
5	5	746
1	4	746
4	6	746
19	7	746
18	3	747
12	12	747
7	20	747
9	17	747
18	14	747
5	10	747
14	4	747
18	19	747
13	18	747
4	15	747
10	8	747
16	10	748
3	20	748
5	13	748
6	14	748
3	17	748
13	6	748
2	15	748
2	7	748
2	5	748
8	4	748
6	12	748
6	14	749
3	3	749
5	7	749
9	6	749
17	19	749
19	5	749
7	4	749
13	13	749
13	15	749
8	8	749
12	18	749
3	12	749
4	14	750
1	7	750
9	9	750
8	6	750
6	16	750
2	3	750
11	20	750
18	15	750
12	17	750
13	5	750
11	6	751
17	19	751
9	20	751
20	17	751
6	16	751
2	16	752
2	19	752
16	18	752
15	17	752
15	12	752
2	5	752
7	20	752
15	15	752
14	8	752
9	7	752
4	3	752
14	17	753
13	6	753
13	14	753
17	19	753
18	12	753
9	8	753
3	7	753
18	3	753
8	20	753
10	18	753
6	10	753
19	16	753
13	11	753
13	4	753
9	8	754
3	12	754
19	9	754
15	15	754
10	3	754
2	18	754
4	13	754
3	7	754
16	6	754
12	4	754
10	11	754
7	16	754
8	5	754
16	20	755
15	15	755
17	3	755
5	16	755
12	14	755
14	19	755
2	16	756
15	17	756
4	14	756
10	20	756
13	5	756
17	4	756
4	12	756
18	19	756
14	3	756
19	18	756
13	11	756
18	8	756
14	6	756
9	15	756
13	10	756
14	9	757
12	16	757
5	7	757
20	13	757
19	6	757
18	19	757
16	5	758
14	7	758
4	4	758
14	3	758
15	17	758
17	16	758
5	15	758
19	10	758
17	13	758
4	20	758
3	13	759
18	18	759
1	15	759
3	19	759
6	9	759
18	4	759
16	6	759
2	17	759
5	14	759
6	5	759
5	17	760
2	12	760
1	7	760
5	18	760
18	13	760
8	4	760
10	5	761
19	9	761
4	10	761
10	16	761
19	14	761
17	18	761
11	6	761
18	3	761
4	12	761
6	8	761
14	15	761
6	9	762
9	10	762
20	15	762
8	13	762
10	16	763
1	13	763
6	20	763
6	9	763
8	8	763
5	17	763
3	12	763
10	15	763
14	5	763
1	12	764
9	11	764
6	20	764
14	18	764
20	13	764
14	14	764
9	19	764
13	8	764
5	5	764
4	6	764
14	15	764
7	4	764
9	19	765
20	3	765
15	16	765
11	10	765
13	9	765
7	8	765
14	5	765
17	18	765
18	12	765
18	7	765
8	4	765
20	15	766
15	11	766
4	3	766
19	17	766
8	13	766
14	20	766
16	5	766
8	9	766
16	7	766
1	6	766
10	12	766
8	14	766
18	6	767
19	11	767
6	15	767
8	16	767
16	14	767
11	13	767
2	7	767
6	10	767
20	5	768
11	3	768
14	6	768
18	8	768
11	20	768
12	18	768
2	11	768
17	7	768
9	16	768
14	9	768
16	12	768
20	15	768
2	10	768
16	4	769
4	6	769
6	15	769
19	9	769
16	12	769
7	10	769
11	3	769
7	14	769
16	18	769
1	7	769
9	12	770
4	20	770
11	19	770
11	17	770
8	7	770
4	17	771
6	19	771
17	13	771
5	5	771
13	11	771
4	14	771
8	18	771
4	4	771
7	12	771
8	10	771
8	12	772
19	15	772
8	10	772
9	18	772
8	4	772
6	9	772
11	5	772
14	11	772
1	16	772
2	17	772
4	13	772
11	3	772
10	20	772
4	10	773
5	20	773
3	19	773
5	13	773
4	16	773
18	4	774
3	18	774
12	13	774
10	14	774
20	9	774
3	10	775
7	3	775
1	12	775
14	15	775
15	6	775
20	20	775
10	5	775
18	10	776
1	17	776
15	15	776
3	4	776
16	9	776
5	16	776
5	3	776
10	12	776
20	8	776
12	5	776
15	9	777
9	18	777
14	15	777
8	7	777
14	11	777
14	13	777
8	16	777
19	10	777
20	14	777
9	20	777
4	5	778
2	18	778
8	19	778
7	15	778
7	7	778
1	3	778
6	13	778
13	14	778
5	17	778
14	4	778
3	10	778
12	7	779
10	3	779
3	16	779
12	9	779
19	17	779
3	14	779
12	18	779
1	15	779
15	6	779
17	11	779
8	20	779
19	4	780
18	11	780
6	7	780
18	5	780
14	6	780
17	13	780
15	17	780
8	15	780
6	16	780
2	12	780
10	10	780
10	20	780
7	14	781
16	13	781
4	4	781
15	8	781
13	10	781
8	3	781
3	16	781
12	18	782
15	12	782
17	20	782
4	6	782
18	13	782
18	8	782
13	10	782
13	5	782
6	16	782
12	11	782
19	13	783
3	10	783
11	19	783
10	16	783
6	11	783
10	9	783
4	17	783
1	3	783
2	12	783
13	10	784
17	12	784
8	20	784
9	18	784
14	16	784
16	3	784
14	4	784
12	9	785
17	15	785
16	20	785
20	17	785
16	12	785
2	6	785
2	7	785
18	4	785
20	19	785
16	18	785
9	14	785
16	16	785
1	5	786
11	10	786
20	4	786
11	6	786
20	7	786
9	19	786
10	18	786
7	12	786
15	11	786
15	9	786
13	3	787
13	12	787
2	10	787
11	15	787
5	8	787
17	14	787
20	20	787
1	4	787
13	6	787
1	11	787
15	7	787
20	8	788
5	15	788
18	12	788
18	17	788
10	7	789
14	15	789
8	10	789
19	19	789
12	3	789
7	4	789
17	13	789
15	18	789
7	16	789
5	8	790
7	11	790
9	18	790
8	4	790
12	20	790
17	10	790
2	7	790
13	13	790
12	12	790
19	20	791
9	18	791
20	14	791
10	19	791
12	16	791
1	8	791
3	3	791
1	13	791
7	7	791
8	20	792
9	18	792
3	16	792
7	19	792
14	17	792
2	8	792
4	6	792
11	4	792
10	4	793
20	6	793
9	18	793
14	14	793
15	11	793
8	20	793
19	19	794
12	11	794
18	8	794
2	14	794
1	4	794
10	17	794
11	15	794
10	9	794
14	7	794
17	14	795
18	19	795
8	18	795
2	20	795
14	9	795
3	3	795
6	3	796
12	14	796
11	15	796
8	16	796
10	10	796
20	4	796
1	17	796
3	18	796
12	11	796
1	5	796
6	19	796
6	9	797
13	16	797
20	13	797
19	19	797
6	3	797
17	12	797
18	11	797
8	10	797
10	14	797
17	20	797
11	18	797
4	5	797
16	6	797
17	15	798
1	18	798
1	17	798
18	19	798
5	7	798
18	20	798
3	10	798
19	4	798
8	16	798
13	8	798
14	18	799
13	4	799
20	5	799
15	9	799
17	12	799
5	14	799
3	12	800
17	6	800
4	10	800
12	16	800
1	18	800
12	19	800
14	8	800
8	15	800
7	11	800
13	14	800
4	5	800
3	20	800
4	4	800
13	7	800
18	12	801
17	16	801
4	15	802
11	18	802
3	11	802
14	20	802
6	14	802
11	13	802
9	10	802
4	4	802
1	17	802
11	3	802
19	12	802
8	8	802
8	4	803
16	12	803
6	5	803
12	7	803
18	10	803
14	19	803
16	18	803
5	17	803
4	20	803
7	13	803
10	16	804
6	9	804
8	13	804
6	3	804
13	17	804
9	4	804
5	6	804
3	7	804
12	5	804
15	18	805
16	19	805
4	3	805
12	12	805
9	5	805
1	15	805
12	13	805
2	14	805
10	4	805
10	10	805
2	3	806
13	15	806
17	4	806
17	7	807
6	11	807
20	18	807
5	16	807
20	8	807
20	14	807
2	4	807
6	9	807
2	13	807
4	15	807
3	16	808
17	5	808
3	19	808
16	11	808
15	8	808
12	3	808
18	6	808
2	10	808
1	5	809
15	6	809
11	14	809
3	18	809
19	16	809
1	17	809
9	4	809
5	8	809
3	19	809
16	8	810
16	15	810
14	4	810
6	6	811
15	3	811
10	10	811
11	12	811
11	8	811
14	15	811
5	7	811
10	18	811
3	11	811
7	20	811
2	14	811
9	16	811
1	4	812
10	11	812
16	12	812
3	5	812
15	14	812
15	8	812
3	19	812
15	9	812
6	7	813
9	16	813
15	15	813
13	12	813
3	19	813
14	3	813
16	9	813
1	5	813
13	18	813
9	14	814
12	6	814
16	9	814
5	8	814
2	11	814
16	16	814
19	19	814
14	4	814
13	12	814
4	18	814
6	14	815
8	13	815
13	7	815
11	18	815
2	10	815
12	19	815
19	12	815
20	17	815
7	3	815
5	9	815
12	6	815
2	11	815
13	5	816
9	14	816
8	6	816
15	3	816
6	7	816
6	15	816
15	10	816
14	19	816
18	17	816
4	20	816
11	17	817
4	15	817
6	4	817
9	14	817
2	10	817
16	5	817
7	6	817
17	11	817
9	3	817
18	7	817
1	8	817
10	16	817
13	17	818
13	8	818
15	16	818
9	3	818
9	11	818
6	20	818
19	18	818
1	14	818
15	4	818
18	19	818
11	14	819
20	9	819
8	15	819
6	17	819
1	16	819
10	10	819
18	5	819
14	6	819
8	8	819
13	12	819
5	11	819
1	18	819
14	8	820
16	16	820
9	3	820
14	7	820
12	9	820
7	14	820
19	5	820
9	17	820
20	18	820
20	6	820
18	9	821
20	12	821
3	8	821
7	6	821
4	3	821
9	15	821
11	4	821
5	20	821
7	17	821
7	7	822
4	3	822
8	15	822
20	8	822
9	20	822
2	9	823
6	12	823
13	18	823
17	5	823
3	19	823
15	15	823
2	14	823
18	17	823
13	20	823
16	7	823
6	6	823
9	8	823
19	6	824
16	13	824
15	8	824
14	19	824
16	20	824
19	5	824
12	11	824
1	18	824
10	15	824
3	7	824
6	12	824
6	9	824
19	12	825
3	14	825
2	18	825
12	20	825
6	13	825
9	3	825
13	9	825
2	8	825
14	7	825
3	15	825
17	17	825
5	11	826
13	20	826
20	19	826
8	14	826
12	9	826
16	17	826
19	4	826
2	10	826
8	17	827
19	7	827
1	5	827
8	4	827
1	10	827
13	9	827
5	12	827
18	13	827
11	11	827
15	3	827
6	15	827
8	16	828
13	7	828
17	3	828
15	10	828
9	14	828
2	12	828
16	17	828
17	6	828
3	15	828
6	4	829
13	8	829
8	17	829
5	11	829
17	7	829
17	13	829
9	9	829
16	6	829
14	3	829
4	3	830
19	9	830
14	5	830
11	15	830
8	14	830
11	6	830
5	5	831
6	14	831
3	6	831
4	17	831
6	16	831
14	19	831
5	12	831
2	11	832
19	17	832
3	20	832
17	19	832
20	6	832
10	14	832
17	5	832
13	15	832
2	10	832
2	16	832
16	4	832
20	9	832
7	16	833
10	9	833
16	15	833
12	10	833
10	7	833
14	12	833
4	20	833
6	6	833
18	14	833
16	14	834
2	5	834
7	19	834
14	13	834
6	3	834
14	9	834
7	4	834
17	8	834
14	17	834
3	15	834
6	8	835
20	3	835
12	17	835
14	16	835
3	7	835
14	5	835
15	19	835
4	11	835
3	4	835
12	18	835
13	16	836
13	5	836
19	11	836
16	9	836
7	10	836
11	7	836
17	8	836
19	20	836
9	18	836
19	6	836
17	14	837
1	3	837
12	11	837
11	10	837
14	3	838
9	13	838
1	20	838
8	15	838
12	9	838
20	17	839
18	5	839
15	12	839
8	20	839
4	11	839
8	15	839
16	13	839
15	20	840
11	19	840
11	12	840
19	8	840
13	16	840
11	13	840
20	4	840
16	9	840
17	18	840
16	14	841
11	18	841
12	17	841
11	10	841
9	8	841
8	15	841
16	3	841
17	12	841
2	9	841
5	14	842
8	12	842
1	15	842
3	18	842
2	12	843
11	14	843
18	10	843
18	3	843
3	9	844
16	20	844
14	16	844
2	10	844
16	13	844
11	8	845
10	19	845
8	20	845
10	13	845
11	7	845
7	18	845
2	4	845
1	17	845
11	5	845
8	20	846
15	3	846
12	18	846
11	6	846
12	9	846
12	16	846
13	15	846
2	7	846
11	5	846
9	11	847
13	20	847
19	6	847
3	8	847
12	18	848
16	11	848
10	5	848
20	10	848
16	17	848
16	10	849
5	4	849
20	9	849
3	11	849
7	6	849
17	15	849
6	17	849
10	3	850
2	12	850
6	15	850
10	13	850
6	17	850
10	16	850
14	10	850
6	19	850
12	9	850
2	7	850
7	8	850
9	4	850
4	12	851
6	10	851
10	20	851
6	6	851
15	11	851
14	13	851
6	4	851
9	7	852
18	12	852
10	3	852
18	20	852
7	15	852
20	9	852
11	3	853
10	7	853
17	6	853
18	11	853
16	12	853
2	17	854
16	7	854
20	15	854
8	20	854
4	10	854
5	5	854
18	8	854
11	6	854
13	13	854
11	16	854
11	14	855
15	15	855
10	9	855
14	19	855
9	18	855
17	11	855
4	5	855
19	10	855
15	13	855
20	8	855
14	13	856
16	16	856
13	3	856
1	5	856
7	18	856
20	14	856
6	9	856
4	20	856
15	15	857
15	5	857
14	4	857
10	13	857
10	17	857
19	8	858
11	7	858
11	13	858
5	16	858
15	11	858
1	12	858
17	4	858
10	15	858
17	19	858
3	10	858
12	9	858
5	18	858
19	10	859
9	6	859
4	15	859
18	20	859
17	7	859
11	9	859
6	18	859
20	3	860
20	14	860
12	18	860
20	9	860
13	8	860
11	16	860
14	17	860
9	5	860
4	12	860
15	10	860
9	6	860
10	17	861
11	6	861
18	15	861
1	14	861
11	12	861
9	8	861
12	5	861
8	13	861
16	7	861
19	19	861
6	9	861
6	4	861
11	4	862
3	19	862
5	6	862
7	14	862
19	3	862
1	15	862
19	7	862
15	9	862
10	7	863
11	9	863
16	19	863
8	3	863
11	13	863
10	10	863
18	17	863
18	11	864
17	12	864
2	9	864
20	4	864
8	3	864
12	20	864
16	7	864
19	8	864
13	10	864
14	6	864
1	16	864
3	17	864
6	4	865
19	5	865
14	11	865
10	7	865
3	15	865
1	13	865
12	8	865
16	3	865
13	12	865
6	14	865
13	6	865
12	11	866
8	20	866
7	14	866
11	10	866
11	4	866
13	9	866
7	3	866
18	16	866
20	12	866
12	18	866
4	6	866
1	13	866
12	19	866
3	4	867
5	16	867
14	14	867
5	5	867
10	20	867
3	18	867
1	12	867
17	15	868
17	10	868
9	18	868
5	7	868
19	19	868
13	4	868
3	20	868
2	6	869
1	17	869
7	12	869
4	4	869
8	9	869
1	14	869
3	10	869
20	20	869
2	3	869
12	5	869
14	16	869
13	20	870
9	15	870
7	6	870
15	12	870
13	19	871
5	18	871
3	3	871
2	6	871
14	12	871
12	16	871
7	10	871
8	15	871
7	5	871
17	7	871
18	14	871
16	9	872
8	8	872
10	3	872
5	19	872
4	13	872
10	16	872
16	14	872
15	6	872
12	5	872
11	7	872
10	15	872
7	4	872
13	20	872
2	18	872
11	5	873
5	17	873
19	15	873
6	20	873
3	18	873
13	10	873
2	9	873
17	7	873
15	3	873
5	8	873
2	19	873
14	13	873
3	20	874
1	14	874
10	3	874
19	4	874
8	12	874
10	4	875
13	16	875
7	5	875
13	18	875
17	10	875
8	6	875
16	11	875
9	8	875
10	9	875
2	19	875
3	3	875
7	12	876
5	6	876
1	17	876
1	4	876
20	16	877
6	17	877
19	20	877
19	19	877
12	12	877
7	9	877
9	7	877
14	11	877
2	3	877
5	5	877
11	10	877
6	6	878
7	10	878
15	3	878
20	19	878
1	16	878
8	9	878
15	12	879
2	20	879
7	6	879
7	18	879
17	15	879
16	16	879
6	11	879
19	10	879
4	3	879
10	14	879
15	13	880
18	5	880
15	7	880
5	14	880
10	3	880
1	8	880
1	18	880
19	4	880
19	17	880
14	16	880
1	10	880
6	12	880
11	19	880
10	17	881
16	5	881
20	7	881
6	3	881
4	20	881
15	6	881
5	13	881
9	10	881
5	12	881
14	9	881
4	18	881
5	16	881
1	15	881
15	4	881
14	13	882
15	4	882
3	5	882
6	18	882
16	19	882
19	15	882
18	17	883
3	5	883
6	19	883
4	9	883
16	18	884
10	11	884
18	7	884
16	5	884
1	6	884
10	17	885
18	4	885
3	11	885
2	10	885
8	12	886
8	14	886
3	19	886
9	20	886
6	6	886
19	8	886
16	11	886
9	16	886
20	17	886
19	3	887
19	16	887
20	6	887
8	17	887
4	5	887
13	4	887
5	10	887
10	19	887
8	13	887
12	14	887
13	7	887
17	14	888
2	4	888
6	13	888
11	20	888
10	15	888
8	19	888
16	6	888
13	16	888
20	12	889
14	6	889
7	8	889
15	15	889
8	9	889
14	11	889
9	20	889
5	18	889
9	13	889
6	7	889
3	19	889
5	16	889
19	10	889
5	20	890
11	6	890
6	3	890
9	7	890
14	17	890
3	15	890
7	5	890
11	11	890
11	14	890
1	13	890
5	8	891
11	16	891
18	19	891
2	18	891
10	7	891
1	14	892
4	11	892
7	3	892
9	5	892
14	6	892
6	15	892
18	20	892
17	17	892
13	7	892
3	10	892
6	5	893
10	14	893
6	6	893
7	18	893
15	13	893
12	11	893
11	3	893
15	17	893
6	16	893
14	20	893
19	12	893
15	7	894
19	6	894
17	8	894
14	18	894
8	11	894
13	14	894
15	16	894
3	12	894
1	19	894
17	3	894
13	5	894
19	17	894
16	20	894
14	10	894
16	5	895
20	11	895
7	17	895
20	3	895
9	8	895
14	20	896
13	11	896
4	5	896
4	14	896
17	3	896
14	7	896
1	6	896
7	10	896
4	8	896
20	18	896
11	13	896
9	16	896
18	14	897
15	20	897
4	15	897
15	12	897
18	16	897
13	19	897
14	5	897
15	17	897
15	9	897
5	8	898
3	5	898
11	19	898
19	17	898
9	12	898
16	10	898
12	20	898
1	8	899
7	3	899
14	19	899
3	6	899
5	5	899
16	9	899
17	15	899
17	13	899
9	4	900
6	20	900
5	15	900
3	16	900
4	5	901
15	6	901
2	15	901
16	18	901
12	14	901
6	10	901
5	3	902
17	10	902
17	20	902
18	12	902
14	8	902
16	5	902
16	14	902
13	19	902
15	4	902
3	17	902
4	4	903
14	9	903
15	6	903
19	11	903
20	16	903
8	20	903
10	5	903
16	10	903
17	8	903
14	18	903
15	12	903
18	17	903
11	14	903
15	12	904
13	7	904
3	10	904
15	5	904
7	19	904
14	14	904
3	10	905
15	3	905
10	20	905
18	6	905
8	16	905
17	12	906
16	3	906
14	15	906
17	18	906
19	9	906
14	19	906
16	13	906
13	10	906
19	17	906
16	11	906
6	20	906
3	4	906
14	8	906
4	16	906
14	7	906
9	18	907
11	20	907
15	5	907
10	15	907
19	14	907
2	9	907
15	6	907
8	8	908
17	12	908
7	3	908
14	15	908
7	6	908
16	19	908
13	4	908
9	17	909
11	10	909
8	7	909
19	3	909
3	12	909
19	18	909
12	9	909
6	11	909
20	13	909
8	4	909
6	16	909
7	5	909
7	14	909
14	5	910
11	10	910
2	17	910
12	14	910
2	19	910
15	7	911
4	16	911
12	17	911
18	4	911
1	3	911
11	8	911
11	6	912
15	3	912
11	4	912
11	12	912
14	14	912
17	11	912
5	18	912
9	16	913
5	19	913
12	15	913
9	5	913
3	18	913
6	7	913
15	6	913
14	12	913
16	19	914
11	14	914
3	13	914
13	15	914
12	8	914
18	6	914
16	11	915
15	9	915
3	14	915
20	15	915
12	7	915
19	19	915
20	6	915
7	12	915
5	17	915
20	18	915
18	10	915
6	10	916
10	5	916
11	6	916
8	12	916
14	18	916
2	4	916
8	19	916
19	11	917
14	4	917
16	14	917
5	9	917
13	3	917
9	7	917
17	20	917
5	11	918
5	10	918
17	8	918
2	5	918
17	15	918
20	20	918
20	14	918
3	19	918
8	3	918
16	18	918
20	3	919
9	14	919
15	11	919
14	16	919
17	20	919
17	7	919
8	5	919
17	12	919
5	19	919
2	8	919
15	9	919
18	16	920
19	15	920
19	8	920
4	9	920
2	11	920
16	7	920
17	4	920
13	3	920
17	6	920
17	10	920
18	8	921
20	9	921
16	18	921
16	17	921
4	20	921
4	5	921
13	3	922
16	16	922
7	19	922
7	10	922
12	16	923
8	8	923
2	9	923
13	18	923
5	17	923
20	19	923
8	5	923
9	20	923
4	4	923
7	3	923
5	19	924
17	10	924
3	18	924
17	12	924
19	8	924
9	15	924
19	20	924
15	6	924
6	16	924
1	10	925
17	17	925
13	8	925
18	20	925
10	19	925
12	9	925
18	3	925
4	16	925
16	15	925
3	10	926
8	15	926
7	5	926
4	11	926
17	7	926
2	9	926
1	17	926
17	6	926
14	13	926
8	18	926
8	3	926
11	16	927
20	6	927
1	10	927
18	18	927
3	19	927
13	5	927
18	20	927
2	8	927
8	11	927
2	20	928
12	19	928
3	9	928
11	15	928
1	11	928
5	18	928
16	5	928
7	8	928
14	17	928
1	12	928
5	11	929
16	12	929
16	6	929
11	19	929
6	15	929
4	8	929
19	7	929
4	5	930
17	11	930
20	13	930
8	8	930
20	18	930
2	20	930
8	19	930
7	16	930
17	10	931
19	17	931
1	5	931
14	13	931
18	16	931
13	7	931
17	15	931
14	14	931
19	3	931
2	9	931
6	6	931
14	8	932
20	13	932
2	6	932
11	3	932
10	20	932
10	15	932
20	18	932
9	17	933
16	10	933
20	6	933
18	12	933
2	6	934
2	8	934
16	17	934
17	12	934
1	4	934
6	3	934
16	5	934
3	15	934
16	7	934
1	20	934
15	17	935
1	13	935
6	4	935
19	7	935
12	20	935
19	5	935
4	14	935
19	6	935
1	10	935
10	18	935
18	5	936
7	13	936
3	4	936
4	19	936
17	15	936
10	10	936
1	14	936
5	20	936
3	18	937
6	19	937
8	7	937
19	12	937
12	16	937
16	17	937
13	14	937
15	13	937
12	4	937
7	6	938
4	5	938
9	16	938
11	4	938
14	7	938
4	14	938
14	19	938
6	11	938
9	13	938
11	13	939
15	12	939
4	15	939
9	18	939
9	9	939
20	20	939
1	19	939
3	16	940
5	17	940
20	8	940
5	12	941
9	5	941
7	13	941
7	7	941
1	16	941
18	10	941
3	14	941
6	14	942
10	16	942
16	9	942
7	13	942
11	5	942
16	4	942
2	12	943
18	6	943
13	9	943
17	8	943
15	7	943
7	18	943
9	13	944
1	17	944
4	3	944
11	10	944
2	9	944
15	6	944
4	10	945
8	6	945
16	3	945
19	8	945
16	14	945
12	9	945
14	4	945
13	5	945
13	7	945
6	20	946
3	5	946
6	12	946
4	9	946
6	17	946
20	15	946
20	3	946
6	16	947
2	6	947
4	11	947
18	7	947
5	5	947
13	9	947
1	18	947
12	3	947
5	4	947
5	20	947
17	13	947
13	4	948
14	6	948
5	5	948
19	8	948
14	7	948
6	10	948
5	14	948
12	11	948
3	16	948
10	15	948
7	20	948
4	3	948
18	7	949
16	5	949
6	9	949
4	12	949
3	10	949
9	6	949
3	4	949
1	4	950
8	20	950
15	17	950
9	18	950
6	7	950
5	14	950
13	13	950
18	16	951
9	8	951
4	9	951
9	20	951
6	17	951
1	5	951
15	18	952
10	16	952
2	9	952
2	14	952
9	7	952
6	19	952
14	10	952
1	4	953
2	19	953
1	3	953
6	18	953
3	13	953
17	8	953
20	9	954
14	15	954
8	10	954
18	11	954
15	17	954
14	7	954
19	19	954
12	5	954
6	6	954
4	3	954
18	15	955
7	19	955
2	10	955
20	17	955
18	20	955
7	9	955
2	11	955
3	4	955
12	14	955
20	8	955
8	16	955
8	3	955
9	10	956
9	12	956
9	18	956
14	5	956
16	8	956
7	13	956
11	20	956
8	16	956
11	14	956
13	12	957
12	19	957
5	6	957
16	10	957
3	20	958
15	6	958
10	12	958
5	16	958
12	17	958
17	5	958
15	8	958
2	13	958
18	15	958
17	19	958
7	14	958
3	20	959
20	10	959
11	3	959
3	18	959
6	7	959
15	9	959
20	12	959
17	11	959
8	4	959
\.


--
-- TOC entry 2829 (class 0 OID 25953)
-- Dependencies: 199
-- Data for Name: facturas; Type: TABLE DATA; Schema: inserts; Owner: postgres
--

COPY facturas (numero, fecha, cliente) FROM stdin;
0	2017-01-14	1111
1	2017-01-07	1111
2	2017-02-20	1111
3	2017-02-07	1111
4	2017-03-12	1111
5	2017-03-21	1111
6	2017-04-27	1111
7	2017-04-08	1111
8	2017-05-28	1111
9	2017-05-16	1111
10	2017-06-05	1111
11	2017-06-07	1111
12	2017-07-18	1111
13	2017-07-02	1111
14	2017-08-19	1111
15	2017-08-24	1111
16	2017-09-10	1111
17	2017-09-18	1111
18	2017-10-07	1111
19	2017-10-05	1111
20	2017-11-02	1111
21	2017-11-11	1111
22	2017-12-08	1111
23	2017-12-14	1111
24	2017-01-20	1112
25	2017-01-13	1112
26	2017-02-21	1112
27	2017-02-06	1112
28	2017-03-26	1112
29	2017-03-07	1112
30	2017-04-26	1112
31	2017-04-27	1112
32	2017-05-11	1112
33	2017-05-20	1112
34	2017-06-18	1112
35	2017-06-27	1112
36	2017-07-13	1112
37	2017-07-12	1112
38	2017-08-14	1112
39	2017-08-06	1112
40	2017-09-27	1112
41	2017-09-01	1112
42	2017-10-17	1112
43	2017-10-18	1112
44	2017-11-22	1112
45	2017-11-23	1112
46	2017-12-01	1112
47	2017-12-25	1112
48	2017-01-02	1113
49	2017-01-24	1113
50	2017-02-03	1113
51	2017-02-26	1113
52	2017-03-18	1113
53	2017-03-28	1113
54	2017-04-25	1113
55	2017-04-14	1113
56	2017-05-08	1113
57	2017-05-09	1113
58	2017-06-14	1113
59	2017-06-01	1113
60	2017-07-13	1113
61	2017-07-23	1113
62	2017-08-05	1113
63	2017-08-16	1113
64	2017-09-18	1113
65	2017-09-21	1113
66	2017-10-07	1113
67	2017-10-13	1113
68	2017-11-16	1113
69	2017-11-08	1113
70	2017-12-10	1113
71	2017-12-05	1113
72	2017-01-25	1114
73	2017-01-03	1114
74	2017-02-18	1114
75	2017-02-25	1114
76	2017-03-12	1114
77	2017-03-28	1114
78	2017-04-12	1114
79	2017-04-20	1114
80	2017-05-27	1114
81	2017-05-03	1114
82	2017-06-19	1114
83	2017-06-14	1114
84	2017-07-23	1114
85	2017-07-03	1114
86	2017-08-22	1114
87	2017-08-12	1114
88	2017-09-12	1114
89	2017-09-19	1114
90	2017-10-06	1114
91	2017-10-28	1114
92	2017-11-28	1114
93	2017-11-20	1114
94	2017-12-13	1114
95	2017-12-16	1114
96	2017-01-18	1115
97	2017-01-25	1115
98	2017-02-07	1115
99	2017-02-14	1115
100	2017-03-06	1115
101	2017-03-09	1115
102	2017-04-27	1115
103	2017-04-06	1115
104	2017-05-26	1115
105	2017-05-18	1115
106	2017-06-27	1115
107	2017-06-08	1115
108	2017-07-27	1115
109	2017-07-03	1115
110	2017-08-12	1115
111	2017-08-12	1115
112	2017-09-06	1115
113	2017-09-15	1115
114	2017-10-07	1115
115	2017-10-19	1115
116	2017-11-18	1115
117	2017-11-07	1115
118	2017-12-28	1115
119	2017-12-26	1115
120	2017-01-08	1116
121	2017-01-15	1116
122	2017-02-03	1116
123	2017-02-01	1116
124	2017-03-26	1116
125	2017-03-20	1116
126	2017-04-18	1116
127	2017-04-21	1116
128	2017-05-07	1116
129	2017-05-16	1116
130	2017-06-11	1116
131	2017-06-10	1116
132	2017-07-20	1116
133	2017-07-17	1116
134	2017-08-13	1116
135	2017-08-02	1116
136	2017-09-12	1116
137	2017-09-19	1116
138	2017-10-02	1116
139	2017-10-05	1116
140	2017-11-07	1116
141	2017-11-28	1116
142	2017-12-10	1116
143	2017-12-01	1116
144	2017-01-06	1117
145	2017-01-06	1117
146	2017-02-08	1117
147	2017-02-15	1117
148	2017-03-16	1117
149	2017-03-06	1117
150	2017-04-11	1117
151	2017-04-15	1117
152	2017-05-14	1117
153	2017-05-18	1117
154	2017-06-10	1117
155	2017-06-17	1117
156	2017-07-20	1117
157	2017-07-21	1117
158	2017-08-08	1117
159	2017-08-23	1117
160	2017-09-05	1117
161	2017-09-02	1117
162	2017-10-09	1117
163	2017-10-12	1117
164	2017-11-07	1117
165	2017-11-11	1117
166	2017-12-11	1117
167	2017-12-24	1117
168	2017-01-12	1118
169	2017-01-10	1118
170	2017-02-15	1118
171	2017-02-14	1118
172	2017-03-27	1118
173	2017-03-04	1118
174	2017-04-10	1118
175	2017-04-09	1118
176	2017-05-06	1118
177	2017-05-08	1118
178	2017-06-10	1118
179	2017-06-11	1118
180	2017-07-16	1118
181	2017-07-19	1118
182	2017-08-27	1118
183	2017-08-01	1118
184	2017-09-28	1118
185	2017-09-17	1118
186	2017-10-18	1118
187	2017-10-09	1118
188	2017-11-23	1118
189	2017-11-25	1118
190	2017-12-18	1118
191	2017-12-05	1118
192	2017-01-12	1119
193	2017-01-02	1119
194	2017-02-23	1119
195	2017-02-04	1119
196	2017-03-11	1119
197	2017-03-24	1119
198	2017-04-28	1119
199	2017-04-02	1119
200	2017-05-08	1119
201	2017-05-11	1119
202	2017-06-20	1119
203	2017-06-17	1119
204	2017-07-01	1119
205	2017-07-16	1119
206	2017-08-27	1119
207	2017-08-05	1119
208	2017-09-08	1119
209	2017-09-09	1119
210	2017-10-18	1119
211	2017-10-10	1119
212	2017-11-08	1119
213	2017-11-09	1119
214	2017-12-13	1119
215	2017-12-12	1119
216	2017-01-02	1120
217	2017-01-01	1120
218	2017-02-22	1120
219	2017-02-02	1120
220	2017-03-02	1120
221	2017-03-23	1120
222	2017-04-05	1120
223	2017-04-13	1120
224	2017-05-11	1120
225	2017-05-19	1120
226	2017-06-28	1120
227	2017-06-17	1120
228	2017-07-26	1120
229	2017-07-20	1120
230	2017-08-28	1120
231	2017-08-17	1120
232	2017-09-27	1120
233	2017-09-28	1120
234	2017-10-23	1120
235	2017-10-02	1120
236	2017-11-12	1120
237	2017-11-05	1120
238	2017-12-20	1120
239	2017-12-28	1120
240	2017-01-27	1121
241	2017-01-09	1121
242	2017-02-11	1121
243	2017-02-09	1121
244	2017-03-04	1121
245	2017-03-21	1121
246	2017-04-27	1121
247	2017-04-08	1121
248	2017-05-07	1121
249	2017-05-19	1121
250	2017-06-28	1121
251	2017-06-27	1121
252	2017-07-12	1121
253	2017-07-22	1121
254	2017-08-25	1121
255	2017-08-12	1121
256	2017-09-07	1121
257	2017-09-12	1121
258	2017-10-20	1121
259	2017-10-23	1121
260	2017-11-03	1121
261	2017-11-09	1121
262	2017-12-12	1121
263	2017-12-25	1121
264	2017-01-14	1122
265	2017-01-17	1122
266	2017-02-03	1122
267	2017-02-13	1122
268	2017-03-22	1122
269	2017-03-20	1122
270	2017-04-03	1122
271	2017-04-14	1122
272	2017-05-19	1122
273	2017-05-17	1122
274	2017-06-11	1122
275	2017-06-15	1122
276	2017-07-06	1122
277	2017-07-28	1122
278	2017-08-19	1122
279	2017-08-25	1122
280	2017-09-09	1122
281	2017-09-19	1122
282	2017-10-12	1122
283	2017-10-15	1122
284	2017-11-19	1122
285	2017-11-15	1122
286	2017-12-10	1122
287	2017-12-17	1122
288	2017-01-27	1123
289	2017-01-24	1123
290	2017-02-19	1123
291	2017-02-05	1123
292	2017-03-27	1123
293	2017-03-27	1123
294	2017-04-15	1123
295	2017-04-27	1123
296	2017-05-13	1123
297	2017-05-04	1123
298	2017-06-14	1123
299	2017-06-13	1123
300	2017-07-06	1123
301	2017-07-01	1123
302	2017-08-21	1123
303	2017-08-23	1123
304	2017-09-03	1123
305	2017-09-25	1123
306	2017-10-23	1123
307	2017-10-28	1123
308	2017-11-09	1123
309	2017-11-24	1123
310	2017-12-23	1123
311	2017-12-01	1123
312	2017-01-27	1124
313	2017-01-11	1124
314	2017-02-03	1124
315	2017-02-08	1124
316	2017-03-03	1124
317	2017-03-12	1124
318	2017-04-18	1124
319	2017-04-10	1124
320	2017-05-16	1124
321	2017-05-21	1124
322	2017-06-08	1124
323	2017-06-11	1124
324	2017-07-24	1124
325	2017-07-07	1124
326	2017-08-12	1124
327	2017-08-08	1124
328	2017-09-08	1124
329	2017-09-19	1124
330	2017-10-18	1124
331	2017-10-01	1124
332	2017-11-09	1124
333	2017-11-19	1124
334	2017-12-03	1124
335	2017-12-13	1124
336	2017-01-17	1125
337	2017-01-08	1125
338	2017-02-07	1125
339	2017-02-07	1125
340	2017-03-10	1125
341	2017-03-04	1125
342	2017-04-07	1125
343	2017-04-22	1125
344	2017-05-06	1125
345	2017-05-20	1125
346	2017-06-15	1125
347	2017-06-22	1125
348	2017-07-08	1125
349	2017-07-25	1125
350	2017-08-25	1125
351	2017-08-22	1125
352	2017-09-27	1125
353	2017-09-27	1125
354	2017-10-23	1125
355	2017-10-11	1125
356	2017-11-13	1125
357	2017-11-21	1125
358	2017-12-04	1125
359	2017-12-03	1125
360	2017-01-25	1126
361	2017-01-17	1126
362	2017-02-23	1126
363	2017-02-25	1126
364	2017-03-23	1126
365	2017-03-13	1126
366	2017-04-19	1126
367	2017-04-07	1126
368	2017-05-08	1126
369	2017-05-12	1126
370	2017-06-25	1126
371	2017-06-03	1126
372	2017-07-10	1126
373	2017-07-05	1126
374	2017-08-05	1126
375	2017-08-22	1126
376	2017-09-20	1126
377	2017-09-14	1126
378	2017-10-02	1126
379	2017-10-09	1126
380	2017-11-13	1126
381	2017-11-09	1126
382	2017-12-11	1126
383	2017-12-04	1126
384	2017-01-01	1127
385	2017-01-26	1127
386	2017-02-23	1127
387	2017-02-03	1127
388	2017-03-08	1127
389	2017-03-09	1127
390	2017-04-23	1127
391	2017-04-23	1127
392	2017-05-09	1127
393	2017-05-26	1127
394	2017-06-18	1127
395	2017-06-23	1127
396	2017-07-26	1127
397	2017-07-03	1127
398	2017-08-03	1127
399	2017-08-11	1127
400	2017-09-06	1127
401	2017-09-14	1127
402	2017-10-16	1127
403	2017-10-27	1127
404	2017-11-16	1127
405	2017-11-04	1127
406	2017-12-21	1127
407	2017-12-26	1127
408	2017-01-01	1128
409	2017-01-16	1128
410	2017-02-02	1128
411	2017-02-01	1128
412	2017-03-25	1128
413	2017-03-04	1128
414	2017-04-19	1128
415	2017-04-21	1128
416	2017-05-08	1128
417	2017-05-27	1128
418	2017-06-07	1128
419	2017-06-11	1128
420	2017-07-17	1128
421	2017-07-17	1128
422	2017-08-02	1128
423	2017-08-08	1128
424	2017-09-04	1128
425	2017-09-13	1128
426	2017-10-12	1128
427	2017-10-03	1128
428	2017-11-26	1128
429	2017-11-02	1128
430	2017-12-10	1128
431	2017-12-24	1128
432	2017-01-01	1129
433	2017-01-10	1129
434	2017-02-01	1129
435	2017-02-08	1129
436	2017-03-05	1129
437	2017-03-17	1129
438	2017-04-08	1129
439	2017-04-24	1129
440	2017-05-28	1129
441	2017-05-11	1129
442	2017-06-27	1129
443	2017-06-27	1129
444	2017-07-26	1129
445	2017-07-04	1129
446	2017-08-16	1129
447	2017-08-16	1129
448	2017-09-05	1129
449	2017-09-18	1129
450	2017-10-17	1129
451	2017-10-23	1129
452	2017-11-14	1129
453	2017-11-02	1129
454	2017-12-18	1129
455	2017-12-02	1129
456	2017-01-06	1130
457	2017-01-13	1130
458	2017-02-12	1130
459	2017-02-02	1130
460	2017-03-26	1130
461	2017-03-08	1130
462	2017-04-15	1130
463	2017-04-24	1130
464	2017-05-05	1130
465	2017-05-02	1130
466	2017-06-11	1130
467	2017-06-06	1130
468	2017-07-20	1130
469	2017-07-18	1130
470	2017-08-22	1130
471	2017-08-22	1130
472	2017-09-28	1130
473	2017-09-20	1130
474	2017-10-03	1130
475	2017-10-10	1130
476	2017-11-24	1130
477	2017-11-28	1130
478	2017-12-12	1130
479	2017-12-19	1130
480	2017-01-10	1131
481	2017-01-16	1131
482	2017-02-15	1131
483	2017-02-27	1131
484	2017-03-08	1131
485	2017-03-01	1131
486	2017-04-21	1131
487	2017-04-02	1131
488	2017-05-07	1131
489	2017-05-20	1131
490	2017-06-24	1131
491	2017-06-09	1131
492	2017-07-10	1131
493	2017-07-21	1131
494	2017-08-05	1131
495	2017-08-17	1131
496	2017-09-02	1131
497	2017-09-07	1131
498	2017-10-02	1131
499	2017-10-09	1131
500	2017-11-19	1131
501	2017-11-26	1131
502	2017-12-24	1131
503	2017-12-26	1131
504	2017-01-06	1132
505	2017-01-08	1132
506	2017-02-24	1132
507	2017-02-06	1132
508	2017-03-14	1132
509	2017-03-21	1132
510	2017-04-06	1132
511	2017-04-19	1132
512	2017-05-07	1132
513	2017-05-10	1132
514	2017-06-04	1132
515	2017-06-05	1132
516	2017-07-03	1132
517	2017-07-07	1132
518	2017-08-14	1132
519	2017-08-22	1132
520	2017-09-17	1132
521	2017-09-16	1132
522	2017-10-25	1132
523	2017-10-05	1132
524	2017-11-12	1132
525	2017-11-21	1132
526	2017-12-12	1132
527	2017-12-09	1132
528	2017-01-26	1133
529	2017-01-20	1133
530	2017-02-14	1133
531	2017-02-28	1133
532	2017-03-27	1133
533	2017-03-18	1133
534	2017-04-23	1133
535	2017-04-18	1133
536	2017-05-07	1133
537	2017-05-19	1133
538	2017-06-24	1133
539	2017-06-14	1133
540	2017-07-09	1133
541	2017-07-24	1133
542	2017-08-22	1133
543	2017-08-26	1133
544	2017-09-22	1133
545	2017-09-09	1133
546	2017-10-15	1133
547	2017-10-07	1133
548	2017-11-22	1133
549	2017-11-23	1133
550	2017-12-19	1133
551	2017-12-23	1133
552	2017-01-18	1134
553	2017-01-14	1134
554	2017-02-04	1134
555	2017-02-05	1134
556	2017-03-28	1134
557	2017-03-05	1134
558	2017-04-20	1134
559	2017-04-08	1134
560	2017-05-08	1134
561	2017-05-13	1134
562	2017-06-21	1134
563	2017-06-25	1134
564	2017-07-24	1134
565	2017-07-13	1134
566	2017-08-19	1134
567	2017-08-17	1134
568	2017-09-12	1134
569	2017-09-08	1134
570	2017-10-24	1134
571	2017-10-28	1134
572	2017-11-26	1134
573	2017-11-04	1134
574	2017-12-27	1134
575	2017-12-28	1134
576	2017-01-09	1135
577	2017-01-22	1135
578	2017-02-27	1135
579	2017-02-24	1135
580	2017-03-13	1135
581	2017-03-07	1135
582	2017-04-02	1135
583	2017-04-19	1135
584	2017-05-02	1135
585	2017-05-22	1135
586	2017-06-01	1135
587	2017-06-08	1135
588	2017-07-12	1135
589	2017-07-15	1135
590	2017-08-14	1135
591	2017-08-03	1135
592	2017-09-23	1135
593	2017-09-21	1135
594	2017-10-24	1135
595	2017-10-11	1135
596	2017-11-08	1135
597	2017-11-13	1135
598	2017-12-01	1135
599	2017-12-13	1135
600	2017-01-18	1136
601	2017-01-12	1136
602	2017-02-12	1136
603	2017-02-19	1136
604	2017-03-02	1136
605	2017-03-20	1136
606	2017-04-14	1136
607	2017-04-22	1136
608	2017-05-03	1136
609	2017-05-12	1136
610	2017-06-14	1136
611	2017-06-26	1136
612	2017-07-17	1136
613	2017-07-23	1136
614	2017-08-08	1136
615	2017-08-16	1136
616	2017-09-27	1136
617	2017-09-18	1136
618	2017-10-02	1136
619	2017-10-10	1136
620	2017-11-13	1136
621	2017-11-05	1136
622	2017-12-04	1136
623	2017-12-24	1136
624	2017-01-26	1137
625	2017-01-21	1137
626	2017-02-06	1137
627	2017-02-06	1137
628	2017-03-22	1137
629	2017-03-14	1137
630	2017-04-08	1137
631	2017-04-18	1137
632	2017-05-27	1137
633	2017-05-27	1137
634	2017-06-06	1137
635	2017-06-05	1137
636	2017-07-16	1137
637	2017-07-21	1137
638	2017-08-24	1137
639	2017-08-26	1137
640	2017-09-03	1137
641	2017-09-17	1137
642	2017-10-08	1137
643	2017-10-16	1137
644	2017-11-11	1137
645	2017-11-04	1137
646	2017-12-26	1137
647	2017-12-01	1137
648	2017-01-04	1138
649	2017-01-27	1138
650	2017-02-16	1138
651	2017-02-10	1138
652	2017-03-01	1138
653	2017-03-22	1138
654	2017-04-16	1138
655	2017-04-15	1138
656	2017-05-07	1138
657	2017-05-02	1138
658	2017-06-02	1138
659	2017-06-14	1138
660	2017-07-03	1138
661	2017-07-05	1138
662	2017-08-23	1138
663	2017-08-16	1138
664	2017-09-06	1138
665	2017-09-18	1138
666	2017-10-16	1138
667	2017-10-13	1138
668	2017-11-04	1138
669	2017-11-12	1138
670	2017-12-14	1138
671	2017-12-14	1138
672	2017-01-18	1139
673	2017-01-24	1139
674	2017-02-07	1139
675	2017-02-28	1139
676	2017-03-08	1139
677	2017-03-07	1139
678	2017-04-13	1139
679	2017-04-20	1139
680	2017-05-23	1139
681	2017-05-25	1139
682	2017-06-25	1139
683	2017-06-26	1139
684	2017-07-22	1139
685	2017-07-03	1139
686	2017-08-17	1139
687	2017-08-10	1139
688	2017-09-16	1139
689	2017-09-08	1139
690	2017-10-13	1139
691	2017-10-23	1139
692	2017-11-25	1139
693	2017-11-25	1139
694	2017-12-18	1139
695	2017-12-07	1139
696	2017-01-27	1140
697	2017-01-10	1140
698	2017-02-10	1140
699	2017-02-02	1140
700	2017-03-17	1140
701	2017-03-04	1140
702	2017-04-17	1140
703	2017-04-20	1140
704	2017-05-08	1140
705	2017-05-09	1140
706	2017-06-02	1140
707	2017-06-12	1140
708	2017-07-21	1140
709	2017-07-28	1140
710	2017-08-21	1140
711	2017-08-23	1140
712	2017-09-28	1140
713	2017-09-11	1140
714	2017-10-09	1140
715	2017-10-11	1140
716	2017-11-15	1140
717	2017-11-10	1140
718	2017-12-13	1140
719	2017-12-27	1140
720	2017-01-22	1141
721	2017-01-03	1141
722	2017-02-11	1141
723	2017-02-04	1141
724	2017-03-24	1141
725	2017-03-15	1141
726	2017-04-26	1141
727	2017-04-28	1141
728	2017-05-15	1141
729	2017-05-04	1141
730	2017-06-11	1141
731	2017-06-07	1141
732	2017-07-02	1141
733	2017-07-23	1141
734	2017-08-24	1141
735	2017-08-09	1141
736	2017-09-03	1141
737	2017-09-24	1141
738	2017-10-17	1141
739	2017-10-02	1141
740	2017-11-28	1141
741	2017-11-05	1141
742	2017-12-13	1141
743	2017-12-20	1141
744	2017-01-01	1142
745	2017-01-25	1142
746	2017-02-25	1142
747	2017-02-18	1142
748	2017-03-05	1142
749	2017-03-18	1142
750	2017-04-27	1142
751	2017-04-15	1142
752	2017-05-10	1142
753	2017-05-02	1142
754	2017-06-10	1142
755	2017-06-27	1142
756	2017-07-10	1142
757	2017-07-03	1142
758	2017-08-10	1142
759	2017-08-12	1142
760	2017-09-05	1142
761	2017-09-19	1142
762	2017-10-07	1142
763	2017-10-23	1142
764	2017-11-02	1142
765	2017-11-06	1142
766	2017-12-26	1142
767	2017-12-25	1142
768	2017-01-12	1143
769	2017-01-03	1143
770	2017-02-19	1143
771	2017-02-27	1143
772	2017-03-26	1143
773	2017-03-24	1143
774	2017-04-28	1143
775	2017-04-21	1143
776	2017-05-08	1143
777	2017-05-14	1143
778	2017-06-14	1143
779	2017-06-04	1143
780	2017-07-08	1143
781	2017-07-27	1143
782	2017-08-10	1143
783	2017-08-28	1143
784	2017-09-24	1143
785	2017-09-13	1143
786	2017-10-27	1143
787	2017-10-24	1143
788	2017-11-05	1143
789	2017-11-20	1143
790	2017-12-16	1143
791	2017-12-24	1143
792	2017-01-07	1144
793	2017-01-24	1144
794	2017-02-27	1144
795	2017-02-23	1144
796	2017-03-10	1144
797	2017-03-11	1144
798	2017-04-18	1144
799	2017-04-18	1144
800	2017-05-10	1144
801	2017-05-28	1144
802	2017-06-14	1144
803	2017-06-04	1144
804	2017-07-26	1144
805	2017-07-26	1144
806	2017-08-03	1144
807	2017-08-21	1144
808	2017-09-01	1144
809	2017-09-08	1144
810	2017-10-05	1144
811	2017-10-16	1144
812	2017-11-15	1144
813	2017-11-04	1144
814	2017-12-12	1144
815	2017-12-22	1144
816	2017-01-19	1145
817	2017-01-25	1145
818	2017-02-17	1145
819	2017-02-26	1145
820	2017-03-15	1145
821	2017-03-22	1145
822	2017-04-12	1145
823	2017-04-20	1145
824	2017-05-27	1145
825	2017-05-22	1145
826	2017-06-06	1145
827	2017-06-12	1145
828	2017-07-17	1145
829	2017-07-13	1145
830	2017-08-21	1145
831	2017-08-08	1145
832	2017-09-04	1145
833	2017-09-26	1145
834	2017-10-25	1145
835	2017-10-11	1145
836	2017-11-11	1145
837	2017-11-18	1145
838	2017-12-27	1145
839	2017-12-03	1145
840	2017-01-12	1146
841	2017-01-06	1146
842	2017-02-08	1146
843	2017-02-13	1146
844	2017-03-15	1146
845	2017-03-16	1146
846	2017-04-25	1146
847	2017-04-02	1146
848	2017-05-23	1146
849	2017-05-06	1146
850	2017-06-03	1146
851	2017-06-20	1146
852	2017-07-15	1146
853	2017-07-24	1146
854	2017-08-08	1146
855	2017-08-11	1146
856	2017-09-22	1146
857	2017-09-16	1146
858	2017-10-08	1146
859	2017-10-27	1146
860	2017-11-25	1146
861	2017-11-28	1146
862	2017-12-08	1146
863	2017-12-19	1146
864	2017-01-25	1147
865	2017-01-20	1147
866	2017-02-21	1147
867	2017-02-04	1147
868	2017-03-07	1147
869	2017-03-11	1147
870	2017-04-23	1147
871	2017-04-08	1147
872	2017-05-23	1147
873	2017-05-23	1147
874	2017-06-20	1147
875	2017-06-22	1147
876	2017-07-22	1147
877	2017-07-20	1147
878	2017-08-04	1147
879	2017-08-08	1147
880	2017-09-21	1147
881	2017-09-13	1147
882	2017-10-20	1147
883	2017-10-12	1147
884	2017-11-25	1147
885	2017-11-12	1147
886	2017-12-21	1147
887	2017-12-08	1147
888	2017-01-12	1148
889	2017-01-09	1148
890	2017-02-01	1148
891	2017-02-17	1148
892	2017-03-04	1148
893	2017-03-07	1148
894	2017-04-25	1148
895	2017-04-01	1148
896	2017-05-26	1148
897	2017-05-11	1148
898	2017-06-04	1148
899	2017-06-03	1148
900	2017-07-20	1148
901	2017-07-22	1148
902	2017-08-03	1148
903	2017-08-16	1148
904	2017-09-20	1148
905	2017-09-16	1148
906	2017-10-24	1148
907	2017-10-28	1148
908	2017-11-16	1148
909	2017-11-17	1148
910	2017-12-05	1148
911	2017-12-16	1148
912	2017-01-22	1149
913	2017-01-13	1149
914	2017-02-20	1149
915	2017-02-15	1149
916	2017-03-17	1149
917	2017-03-20	1149
918	2017-04-20	1149
919	2017-04-02	1149
920	2017-05-26	1149
921	2017-05-03	1149
922	2017-06-13	1149
923	2017-06-23	1149
924	2017-07-22	1149
925	2017-07-12	1149
926	2017-08-13	1149
927	2017-08-17	1149
928	2017-09-07	1149
929	2017-09-04	1149
930	2017-10-13	1149
931	2017-10-28	1149
932	2017-11-06	1149
933	2017-11-13	1149
934	2017-12-07	1149
935	2017-12-09	1149
936	2017-01-02	1150
937	2017-01-13	1150
938	2017-02-25	1150
939	2017-02-18	1150
940	2017-03-26	1150
941	2017-03-20	1150
942	2017-04-20	1150
943	2017-04-21	1150
944	2017-05-17	1150
945	2017-05-14	1150
946	2017-06-21	1150
947	2017-06-19	1150
948	2017-07-05	1150
949	2017-07-09	1150
950	2017-08-09	1150
951	2017-08-02	1150
952	2017-09-27	1150
953	2017-09-22	1150
954	2017-10-24	1150
955	2017-10-28	1150
956	2017-11-21	1150
957	2017-11-22	1150
958	2017-12-13	1150
959	2017-12-05	1150
\.


--
-- TOC entry 2830 (class 0 OID 25958)
-- Dependencies: 200
-- Data for Name: productos; Type: TABLE DATA; Schema: inserts; Owner: postgres
--

COPY productos (codigo, nombre, precio) FROM stdin;
1	Camiseta	10000
2	Pantalon	20000
3	Perfume	30000
4	Gorra	35000
5	Zapatos	60000
6	Billetera	20000
7	Aspirina	15000
8	CardioAspirina	5000
9	Sueter	35000
10	Bolso	30000
11	Lentes	50000
12	Corbata	25000
13	Traje	70000
14	Portafolios	50000
15	Reloj	80000
16	Blusa	10000
17	Vestido	35000
18	Collar	40000
19	Pulsera	25000
20	Sombrilla	15000
\.


--
-- TOC entry 2827 (class 0 OID 25943)
-- Dependencies: 197
-- Data for Name: vendedor; Type: TABLE DATA; Schema: inserts; Owner: postgres
--

COPY vendedor (codigo, nombre) FROM stdin;
1	Ana
2	Pedro
3	Juan
4	Maria
5	Josue
6	Jose
7	Pablo
8	Daniela
9	Anthony
10	Jason
\.


--
-- TOC entry 2831 (class 0 OID 25963)
-- Dependencies: 201
-- Data for Name: zona; Type: TABLE DATA; Schema: inserts; Owner: postgres
--

COPY zona (codigo, nombre) FROM stdin;
1	norte
2	sur
3	central
4	oeste
\.


--
-- TOC entry 2692 (class 2606 OID 25952)
-- Name: cliente pkcliente; Type: CONSTRAINT; Schema: inserts; Owner: postgres
--

ALTER TABLE ONLY cliente
    ADD CONSTRAINT pkcliente PRIMARY KEY (ced);


--
-- TOC entry 2700 (class 2606 OID 25972)
-- Name: detalle pkdetalle; Type: CONSTRAINT; Schema: inserts; Owner: postgres
--

ALTER TABLE ONLY detalle
    ADD CONSTRAINT pkdetalle PRIMARY KEY (producto, factura);


--
-- TOC entry 2694 (class 2606 OID 25957)
-- Name: facturas pkfactura; Type: CONSTRAINT; Schema: inserts; Owner: postgres
--

ALTER TABLE ONLY facturas
    ADD CONSTRAINT pkfactura PRIMARY KEY (numero);


--
-- TOC entry 2696 (class 2606 OID 25962)
-- Name: productos pkproducto; Type: CONSTRAINT; Schema: inserts; Owner: postgres
--

ALTER TABLE ONLY productos
    ADD CONSTRAINT pkproducto PRIMARY KEY (codigo);


--
-- TOC entry 2690 (class 2606 OID 25947)
-- Name: vendedor pkvendedor; Type: CONSTRAINT; Schema: inserts; Owner: postgres
--

ALTER TABLE ONLY vendedor
    ADD CONSTRAINT pkvendedor PRIMARY KEY (codigo);


--
-- TOC entry 2698 (class 2606 OID 25967)
-- Name: zona pkzona; Type: CONSTRAINT; Schema: inserts; Owner: postgres
--

ALTER TABLE ONLY zona
    ADD CONSTRAINT pkzona PRIMARY KEY (codigo);


--
-- TOC entry 2701 (class 2606 OID 25973)
-- Name: cliente fkcliente; Type: FK CONSTRAINT; Schema: inserts; Owner: postgres
--

ALTER TABLE ONLY cliente
    ADD CONSTRAINT fkcliente FOREIGN KEY (vendedor) REFERENCES vendedor(codigo);


--
-- TOC entry 2704 (class 2606 OID 25988)
-- Name: detalle fkdetalle1; Type: FK CONSTRAINT; Schema: inserts; Owner: postgres
--

ALTER TABLE ONLY detalle
    ADD CONSTRAINT fkdetalle1 FOREIGN KEY (factura) REFERENCES facturas(numero);


--
-- TOC entry 2705 (class 2606 OID 25993)
-- Name: detalle fkdetalle2; Type: FK CONSTRAINT; Schema: inserts; Owner: postgres
--

ALTER TABLE ONLY detalle
    ADD CONSTRAINT fkdetalle2 FOREIGN KEY (producto) REFERENCES productos(codigo);


--
-- TOC entry 2703 (class 2606 OID 25983)
-- Name: facturas fkfactura; Type: FK CONSTRAINT; Schema: inserts; Owner: postgres
--

ALTER TABLE ONLY facturas
    ADD CONSTRAINT fkfactura FOREIGN KEY (cliente) REFERENCES cliente(ced);


--
-- TOC entry 2702 (class 2606 OID 25978)
-- Name: cliente fkzona; Type: FK CONSTRAINT; Schema: inserts; Owner: postgres
--

ALTER TABLE ONLY cliente
    ADD CONSTRAINT fkzona FOREIGN KEY (zona) REFERENCES zona(codigo);


-- Completed on 2018-04-26 19:40:12

--
-- PostgreSQL database dump complete
--

